"","Date","Season","Round","Venue","Player","Team","Opposition","Status","Match_id","CP","UP","ED","DE","CM","GA","MI5","One.Percenters","BO","CCL","SCL","SI","MG","TO","ITC","T5","TOG","K","HB","D","M","G","B","T","HO","GA1","I50","CL","CG","R50","FF","FA","AF","SC"
"1",2019-03-21,2019,"Round 1","MCG","Patrick Cripps","Carlton","Richmond","Home",9721,21,11,26,81.2,0,0,0,0,1,4,3,5,263,3,4,0,89,10,22,32,1,0,0,6,0,0,2,7,3,2,3,1,101,126
"2",2019-03-21,2019,"Round 1","MCG","Marc Murphy","Carlton","Richmond","Home",9721,6,23,21,72.4,0,0,0,0,0,0,1,7,530,5,3,0,87,16,13,29,4,1,0,1,0,0,5,1,1,4,1,0,97,91
"3",2019-03-21,2019,"Round 1","MCG","Kade Simpson","Carlton","Richmond","Home",9721,5,19,21,77.8,0,0,0,1,0,1,1,2,462,2,6,0,84,15,12,27,6,0,0,1,0,0,1,2,1,5,1,0,92,83
"4",2019-03-21,2019,"Round 1","MCG","Dale Thomas","Carlton","Richmond","Home",9721,6,17,23,85.2,0,1,0,4,0,0,0,8,434,4,6,0,78,15,12,27,3,1,0,2,0,1,3,0,4,5,1,1,90,93
"5",2019-03-21,2019,"Round 1","MCG","Nic Newman","Carlton","Richmond","Home",9721,5,17,22,84.6,0,0,0,3,0,0,1,4,584,2,6,0,84,21,5,26,9,1,0,2,0,0,2,1,2,12,1,0,115,134
"6",2019-03-21,2019,"Round 1","MCG","Edward Curnow","Carlton","Richmond","Home",9721,7,18,18,72,0,1,2,1,0,0,2,8,303,6,0,2,82,13,12,25,12,0,1,3,0,1,3,2,4,1,1,0,113,98
"7",2019-03-21,2019,"Round 1","MCG","Will Setterfield","Carlton","Richmond","Home",9721,8,16,12,50,0,2,1,3,0,1,2,4,332,5,1,0,66,14,10,24,2,0,1,1,0,2,3,3,3,1,1,1,71,69
"8",2019-03-21,2019,"Round 1","MCG","Sam Walsh","Carlton","Richmond","Home",9721,8,16,13,54.2,0,1,0,0,1,0,4,5,430,7,1,1,82,16,8,24,6,0,1,1,0,1,5,4,6,1,0,0,87,68
"9",2019-03-21,2019,"Round 1","MCG","David Cuningham","Carlton","Richmond","Home",9721,10,15,15,68.2,0,1,0,0,0,2,1,6,328,4,0,2,79,9,13,22,5,0,0,5,0,1,5,3,7,0,1,2,83,67
"10",2019-03-21,2019,"Round 1","MCG","Zac Fisher","Carlton","Richmond","Home",9721,12,13,15,68.2,0,1,0,3,0,3,5,6,391,7,1,0,80,14,8,22,2,1,1,6,0,1,3,8,5,0,1,4,84,109
"11",2019-03-21,2019,"Round 1","MCG","Paddy Dow","Carlton","Richmond","Home",9721,9,12,14,66.7,0,0,1,1,0,1,0,5,195,4,5,0,76,8,13,21,3,0,1,2,0,0,3,1,4,1,1,1,66,66
"12",2019-03-21,2019,"Round 1","MCG","Sam P-Seton","Carlton","Richmond","Home",9721,4,14,11,61.1,0,0,0,1,0,1,1,0,282,6,4,0,85,12,6,18,8,0,0,2,0,0,4,2,2,2,1,0,81,63
"13",2019-03-21,2019,"Round 1","MCG","Jacob Weitering","Carlton","Richmond","Home",9721,8,7,15,88.2,3,0,0,6,0,0,0,2,302,2,12,0,98,13,4,17,7,0,0,2,0,0,1,0,3,3,0,2,70,86
"14",2019-03-21,2019,"Round 1","MCG","Lachlan Plowman","Carlton","Richmond","Home",9721,4,8,13,100,0,0,0,11,0,0,1,2,169,1,6,0,91,11,2,13,6,0,0,3,0,0,0,1,1,2,3,1,67,96
"15",2019-03-21,2019,"Round 1","MCG","Charlie Curnow","Carlton","Richmond","Home",9721,6,5,6,50,0,0,0,0,0,0,0,4,194,3,0,0,94,10,2,12,1,1,0,1,0,0,2,0,4,0,0,2,41,44
"16",2019-03-21,2019,"Round 1","MCG","Mitch McGovern","Carlton","Richmond","Home",9721,5,8,7,63.6,0,0,0,0,0,0,0,5,230,4,2,0,75,8,3,11,5,1,1,0,0,0,3,0,3,0,1,0,53,44
"17",2019-03-21,2019,"Round 1","MCG","Harry McKay","Carlton","Richmond","Home",9721,9,4,9,81.8,4,0,3,4,0,1,0,7,147,2,0,1,83,7,4,11,6,2,1,4,3,0,0,1,2,0,1,1,77,87
"18",2019-03-21,2019,"Round 1","MCG","Michael Gibbons","Carlton","Richmond","Home",9721,3,7,8,72.7,0,0,0,2,0,0,0,5,168,2,0,0,71,5,6,11,2,0,1,3,0,0,1,0,2,0,0,1,43,35
"19",2019-03-21,2019,"Round 1","MCG","Andrew Phillips","Carlton","Richmond","Home",9721,3,7,6,66.7,1,0,0,4,0,2,1,2,163,0,2,2,79,5,4,9,3,0,0,8,27,0,2,3,4,0,1,3,83,98
"20",2019-03-21,2019,"Round 1","MCG","Jarrod Garlett","Carlton","Richmond","Home",9721,5,5,4,44.4,0,0,0,2,0,0,1,2,202,2,4,0,68,8,1,9,3,0,0,4,0,0,0,1,2,3,0,0,51,39
"21",2019-03-21,2019,"Round 1","MCG","Liam Jones","Carlton","Richmond","Home",9721,7,2,7,87.5,1,0,0,7,0,0,1,1,20,1,8,0,97,4,4,8,3,0,0,5,0,0,0,1,2,3,3,1,49,65
"22",2019-03-21,2019,"Round 1","MCG","Alex Fasolo","Carlton","Richmond","Home",9721,1,3,4,80,0,0,1,0,0,0,0,2,74,2,1,1,72,4,1,5,2,1,0,1,0,0,0,0,1,0,1,1,28,26
"23",2019-03-21,2019,"Round 1","MCG","Trent Cotchin","Richmond","Carlton","Away",9721,14,14,16,51.6,1,0,1,2,1,1,5,8,548,6,5,0,80,20,11,31,6,0,1,4,0,0,6,6,5,0,2,4,107,98
"24",2019-03-21,2019,"Round 1","MCG","Dustin Martin","Richmond","Carlton","Away",9721,15,17,19,63.3,1,1,1,2,2,2,3,11,628,8,2,0,79,18,12,30,4,0,0,0,0,1,7,5,7,1,0,3,81,109
"25",2019-03-21,2019,"Round 1","MCG","Kane Lambert","Richmond","Carlton","Away",9721,10,19,23,76.7,0,0,1,0,0,0,3,9,412,4,4,1,89,12,18,30,7,0,1,4,0,0,3,3,4,1,2,0,112,95
"26",2019-03-21,2019,"Round 1","MCG","Bachar Houli","Richmond","Carlton","Away",9721,4,14,22,91.7,0,1,0,2,0,0,1,5,486,4,8,0,83,16,8,24,7,0,0,4,0,1,3,1,2,8,1,0,102,112
"27",2019-03-21,2019,"Round 1","MCG","Jack Graham","Richmond","Carlton","Away",9721,9,15,16,69.6,0,0,1,2,0,2,2,5,475,5,3,1,81,16,7,23,7,0,1,6,0,0,5,4,6,0,1,1,106,88
"28",2019-03-21,2019,"Round 1","MCG","Shane Edwards","Richmond","Carlton","Away",9721,11,12,18,81.8,0,1,0,1,0,2,3,9,259,1,5,1,85,8,14,22,0,0,0,4,0,1,3,5,1,0,1,0,69,92
"29",2019-03-21,2019,"Round 1","MCG","Dion Prestia","Richmond","Carlton","Away",9721,9,11,14,70,0,1,0,1,0,1,3,7,342,3,3,0,78,10,10,20,1,0,0,6,0,1,5,4,2,0,3,0,80,82
"30",2019-03-21,2019,"Round 1","MCG","Jayden Short","Richmond","Carlton","Away",9721,3,10,14,70,1,0,0,3,0,0,1,4,694,8,2,0,89,18,2,20,5,0,1,3,0,0,2,1,5,9,0,1,83,67
"31",2019-03-21,2019,"Round 1","MCG","Toby Nankervis","Richmond","Carlton","Away",9721,12,7,7,41.2,0,0,0,0,0,0,3,8,321,5,2,0,83,13,4,17,2,3,0,2,34,0,2,3,3,0,2,0,115,127
"32",2019-03-21,2019,"Round 1","MCG","Daniel Rioli","Richmond","Carlton","Away",9721,6,10,13,76.5,0,2,0,2,0,1,1,9,317,1,1,1,88,10,7,17,4,0,2,2,0,2,4,2,0,0,1,0,67,82
"33",2019-03-21,2019,"Round 1","MCG","Jack Higgins","Richmond","Carlton","Away",9721,6,11,11,64.7,0,2,3,2,0,0,0,9,252,3,0,0,82,9,8,17,6,3,0,1,0,2,4,0,2,1,0,0,83,94
"34",2019-03-21,2019,"Round 1","MCG","Maverick Weller","Richmond","Carlton","Away",9721,4,11,14,93.3,0,0,0,2,0,0,1,4,313,3,1,0,85,9,6,15,2,1,1,2,0,0,3,1,1,2,0,0,60,63
"35",2019-03-21,2019,"Round 1","MCG","Nick Vlastuin","Richmond","Carlton","Away",9721,3,7,14,100,0,0,0,3,0,0,0,3,254,0,9,0,89,10,4,14,5,0,0,0,0,0,0,0,1,6,0,0,53,67
"36",2019-03-21,2019,"Round 1","MCG","Kamdyn Mcintosh","Richmond","Carlton","Away",9721,8,7,11,84.6,2,0,0,3,0,0,0,2,298,3,4,0,79,9,4,13,3,1,0,4,0,0,1,0,1,2,1,0,67,82
"37",2019-03-21,2019,"Round 1","MCG","Daniel Butler","Richmond","Carlton","Away",9721,6,8,7,53.8,0,0,1,1,0,0,0,4,300,6,2,4,82,8,5,13,1,1,0,7,0,0,6,0,4,0,1,3,63,56
"38",2019-03-21,2019,"Round 1","MCG","David Astbury","Richmond","Carlton","Away",9721,4,4,7,77.8,0,0,0,3,0,0,0,4,175,0,5,0,92,5,4,9,1,0,0,0,0,0,0,0,0,2,0,0,26,40
"39",2019-03-21,2019,"Round 1","MCG","Dylan Grimes","Richmond","Carlton","Away",9721,5,3,6,66.7,1,0,0,7,0,0,1,0,169,1,6,0,80,5,4,9,1,0,0,4,0,0,1,1,2,2,1,1,40,51
"40",2019-03-21,2019,"Round 1","MCG","Jack Riewoldt","Richmond","Carlton","Away",9721,9,2,4,50,1,2,2,3,0,0,0,5,71,7,2,2,98,6,2,8,2,1,1,2,0,2,1,0,7,0,1,4,32,50
"41",2019-03-21,2019,"Round 1","MCG","Nathan Broad","Richmond","Carlton","Away",9721,3,5,6,75,0,0,0,6,2,0,0,0,187,1,3,0,80,4,4,8,1,0,0,2,0,0,0,0,2,2,1,0,32,45
"42",2019-03-21,2019,"Round 1","MCG","Tom Lynch","Richmond","Carlton","Away",9721,5,2,6,85.7,1,0,1,1,0,0,0,5,95,0,0,0,78,4,3,7,1,3,1,2,0,0,0,0,3,0,2,1,47,58
"43",2019-03-21,2019,"Round 1","MCG","Alex Rance","Richmond","Carlton","Away",9721,4,2,5,83.3,0,0,0,7,0,0,0,0,45,1,6,0,68,3,3,6,2,0,0,2,0,0,0,0,5,2,1,2,24,36
"44",2019-03-21,2019,"Round 1","MCG","Noah Balta","Richmond","Carlton","Away",9721,2,4,4,80,0,0,0,2,0,1,0,2,223,2,1,0,52,5,0,5,2,1,0,1,6,0,3,1,5,0,1,3,29,18
"45",2019-03-22,2019,"Round 1","MCG","Adam Treloar","Collingwood","Geelong","Home",9722,12,21,21,61.8,0,0,0,0,2,1,3,6,397,10,3,2,77,14,20,34,5,1,0,6,0,0,6,4,10,1,1,1,125,102
"46",2019-03-22,2019,"Round 1","MCG","Steele Sidebottom","Collingwood","Geelong","Home",9722,9,17,19,73.1,0,0,0,0,0,0,3,3,337,6,6,0,85,12,14,26,6,0,0,2,0,0,3,3,5,2,0,2,84,87
"47",2019-03-22,2019,"Round 1","MCG","Jack Crisp","Collingwood","Geelong","Home",9722,9,17,17,65.4,0,0,0,2,1,1,0,5,356,6,8,0,85,14,12,26,3,0,0,1,0,0,3,1,5,4,2,1,78,83
"48",2019-03-22,2019,"Round 1","MCG","Scott Pendlebury","Collingwood","Geelong","Home",9722,9,17,20,83.3,0,0,1,4,0,3,3,5,345,1,1,0,82,11,13,24,7,0,1,2,0,0,4,6,0,2,1,0,90,96
"49",2019-03-22,2019,"Round 1","MCG","Tom Phillips","Collingwood","Geelong","Home",9722,7,20,15,62.5,0,0,1,1,0,0,0,5,556,6,4,0,90,16,8,24,7,0,1,1,0,0,2,0,3,4,1,1,88,79
"50",2019-03-22,2019,"Round 1","MCG","Dayne Beams","Collingwood","Geelong","Home",9722,10,13,16,69.6,1,1,0,1,0,1,4,7,377,4,0,0,79,14,9,23,4,1,0,3,0,1,5,5,4,1,0,0,90,98
"51",2019-03-22,2019,"Round 1","MCG","Christopher Mayne","Collingwood","Geelong","Home",9722,6,15,16,72.7,0,0,0,1,1,0,2,3,330,3,7,0,90,14,8,22,6,0,0,2,0,0,4,2,2,1,2,0,86,84
"52",2019-03-22,2019,"Round 1","MCG","James Aish","Collingwood","Geelong","Home",9722,4,14,13,68.4,0,0,0,2,0,0,0,3,350,4,6,0,83,15,4,19,5,0,0,4,0,0,2,0,3,4,1,0,85,73
"53",2019-03-22,2019,"Round 1","MCG","Brodie Grundy","Collingwood","Geelong","Home",9722,14,3,10,55.6,0,0,0,1,0,4,3,6,79,0,1,0,86,10,8,18,2,0,2,2,34,0,1,7,6,2,3,5,84,81
"54",2019-03-22,2019,"Round 1","MCG","Josh Thomas","Collingwood","Geelong","Home",9722,4,12,11,68.8,0,1,0,0,0,0,1,5,120,3,0,1,74,6,10,16,2,0,0,1,0,1,3,1,2,0,0,1,45,48
"55",2019-03-22,2019,"Round 1","MCG","Darcy Moore","Collingwood","Geelong","Home",9722,4,5,13,81.2,2,0,0,12,0,0,0,0,378,4,8,0,92,13,3,16,4,0,0,0,0,0,2,0,5,7,1,2,52,77
"56",2019-03-22,2019,"Round 1","MCG","Brayden Maynard","Collingwood","Geelong","Home",9722,5,11,14,87.5,0,0,0,1,1,0,0,0,189,1,5,0,87,8,8,16,3,0,0,0,0,0,1,0,2,4,0,2,43,71
"57",2019-03-22,2019,"Round 1","MCG","Jaidyn Stephenson","Collingwood","Geelong","Home",9722,6,9,9,56.2,0,0,1,0,0,0,1,3,204,6,3,2,82,12,4,16,7,0,1,2,0,0,1,1,5,3,0,1,71,55
"58",2019-03-22,2019,"Round 1","MCG","Jeremy Howe","Collingwood","Geelong","Home",9722,5,5,12,80,0,0,0,5,0,0,0,0,340,4,10,0,84,13,2,15,5,0,0,3,0,0,1,0,2,8,2,0,72,89
"59",2019-03-22,2019,"Round 1","MCG","Tom Langdon","Collingwood","Geelong","Home",9722,6,7,11,78.6,1,0,0,6,0,0,0,0,151,3,8,0,77,8,6,14,5,0,0,3,0,0,2,0,1,1,2,0,65,82
"60",2019-03-22,2019,"Round 1","MCG","Brody Mihocek","Collingwood","Geelong","Home",9722,5,8,11,78.6,1,1,0,2,0,0,0,4,338,4,2,0,84,9,5,14,5,0,0,0,0,1,3,0,4,0,1,1,50,50
"61",2019-03-22,2019,"Round 1","MCG","Mason Cox","Collingwood","Geelong","Home",9722,5,6,7,63.6,1,0,0,1,0,0,1,4,163,5,2,1,85,8,3,11,3,1,1,1,7,0,0,1,4,2,4,2,55,48
"62",2019-03-22,2019,"Round 1","MCG","Jordan Roughead","Collingwood","Geelong","Home",9722,5,6,7,70,0,0,0,9,0,0,1,0,164,3,6,0,92,6,4,10,5,0,0,3,0,0,0,1,3,2,0,1,50,67
"63",2019-03-22,2019,"Round 1","MCG","Jordan De Goey","Collingwood","Geelong","Home",9722,3,8,5,50,0,0,2,1,0,1,1,5,161,2,0,0,79,7,3,10,3,2,2,1,0,0,1,2,1,0,0,0,54,59
"64",2019-03-22,2019,"Round 1","MCG","Travis Varcoe","Collingwood","Geelong","Home",9722,2,7,9,100,0,1,1,1,0,0,0,1,37,0,0,4,70,2,7,9,4,0,0,4,0,1,2,0,4,0,0,3,39,41
"65",2019-03-22,2019,"Round 1","MCG","Callum Brown","Collingwood","Geelong","Home",9722,5,4,7,77.8,0,0,0,0,0,0,0,3,118,0,1,1,64,4,5,9,1,1,0,3,0,0,0,0,1,0,0,1,40,54
"66",2019-03-22,2019,"Round 1","MCG","Jamie Elliott","Collingwood","Geelong","Home",9722,2,6,8,100,1,1,1,1,0,0,1,6,185,0,0,5,74,7,1,8,6,3,0,5,0,1,2,1,1,0,0,0,79,84
"67",2019-03-22,2019,"Round 1","MCG","Tim Kelly","Geelong","Collingwood","Away",9722,12,20,21,67.7,0,2,0,1,0,2,7,4,597,5,2,0,81,17,14,31,5,0,0,4,0,2,6,9,5,1,1,1,108,106
"68",2019-03-22,2019,"Round 1","MCG","Patrick Dangerfield","Geelong","Collingwood","Away",9722,10,17,16,59.3,1,0,4,4,0,0,5,8,509,8,2,1,87,16,11,27,5,1,2,3,0,0,6,5,6,1,1,1,103,97
"69",2019-03-22,2019,"Round 1","MCG","Thomas Stewart","Geelong","Collingwood","Away",9722,6,15,18,69.2,0,0,0,5,0,0,0,0,448,7,8,0,87,20,6,26,7,0,0,2,0,0,1,0,6,9,1,0,102,95
"70",2019-03-22,2019,"Round 1","MCG","Joel Selwood","Geelong","Collingwood","Away",9722,10,15,13,52,0,1,1,4,0,0,1,5,373,3,8,0,85,16,9,25,7,1,1,2,0,1,2,1,6,4,1,1,100,98
"71",2019-03-22,2019,"Round 1","MCG","Luke Dahlhaus","Geelong","Collingwood","Away",9722,8,15,16,66.7,0,0,1,2,0,1,2,4,274,7,1,1,79,8,16,24,4,1,1,6,0,0,4,3,3,1,2,1,98,102
"72",2019-03-22,2019,"Round 1","MCG","Gary Jnr Ablett","Geelong","Collingwood","Away",9722,8,14,17,73.9,1,0,1,0,2,0,2,5,487,5,3,0,82,13,10,23,6,2,1,3,0,0,4,2,6,0,0,3,93,84
"73",2019-03-22,2019,"Round 1","MCG","Brandan Parfitt","Geelong","Collingwood","Away",9722,10,12,16,72.7,0,0,0,2,0,1,3,3,362,6,2,3,83,13,9,22,1,1,0,6,0,0,4,4,7,0,3,3,84,96
"74",2019-03-22,2019,"Round 1","MCG","Charlie Constable","Geelong","Collingwood","Away",9722,5,15,18,85.7,0,0,0,0,0,0,3,5,205,2,1,0,66,9,12,21,4,1,0,3,0,0,0,3,3,2,1,0,82,85
"75",2019-03-22,2019,"Round 1","MCG","Mitchell Duncan","Geelong","Collingwood","Away",9722,5,12,14,73.7,0,0,1,3,0,1,0,5,253,0,1,0,86,13,6,19,8,1,1,3,0,0,1,1,0,2,1,0,95,100
"76",2019-03-22,2019,"Round 1","MCG","Sam Menegola","Geelong","Collingwood","Away",9722,7,13,17,89.5,0,1,0,2,0,1,1,2,280,2,1,1,64,12,7,19,6,0,1,3,0,1,5,2,0,1,0,0,81,101
"77",2019-03-22,2019,"Round 1","MCG","Rhys Stanley","Geelong","Collingwood","Away",9722,12,8,17,94.4,1,0,0,1,0,4,2,6,345,2,7,0,77,11,7,18,4,0,0,2,23,0,6,6,3,3,4,3,85,108
"78",2019-03-22,2019,"Round 1","MCG","Jordan Clark","Geelong","Collingwood","Away",9722,3,13,14,82.4,0,0,0,4,0,0,0,1,486,6,6,0,86,14,3,17,4,0,0,0,0,0,5,0,1,4,0,0,60,69
"79",2019-03-22,2019,"Round 1","MCG","Harry Taylor","Geelong","Collingwood","Away",9722,8,8,15,93.8,2,0,0,10,0,0,0,2,22,0,8,0,86,7,9,16,6,0,0,3,0,0,1,0,0,0,2,0,71,100
"80",2019-03-22,2019,"Round 1","MCG","Mark O'Connor","Geelong","Collingwood","Away",9722,7,7,9,69.2,1,0,0,5,0,0,0,0,87,1,5,0,80,6,7,13,3,0,0,1,0,0,1,0,2,2,1,0,46,55
"81",2019-03-22,2019,"Round 1","MCG","Tom Hawkins","Geelong","Collingwood","Away",9722,5,9,7,58.3,0,0,4,1,0,0,1,7,178,4,0,2,95,7,5,12,6,2,2,4,0,0,1,1,4,0,0,1,76,89
"82",2019-03-22,2019,"Round 1","MCG","Mark Blicavs","Geelong","Collingwood","Away",9722,5,6,9,75,1,0,0,4,0,0,1,0,94,3,6,0,97,6,6,12,4,0,0,2,0,0,0,1,2,2,0,1,47,61
"83",2019-03-22,2019,"Round 1","MCG","Gryan Miers","Geelong","Collingwood","Away",9722,3,6,8,72.7,0,0,0,1,0,0,0,1,94,3,1,1,76,6,5,11,1,0,0,3,0,0,1,0,2,1,2,0,45,37
"84",2019-03-22,2019,"Round 1","MCG","Gary Rohan","Geelong","Collingwood","Away",9722,5,5,6,60,2,1,2,3,0,0,0,3,152,6,2,2,79,9,1,10,5,0,0,2,0,1,2,0,6,0,0,1,49,46
"85",2019-03-22,2019,"Round 1","MCG","Jake Kolodjashnij","Geelong","Collingwood","Away",9722,5,4,8,88.9,0,0,0,3,0,0,0,2,175,1,6,0,82,5,4,9,1,0,0,3,0,0,2,0,1,2,1,0,39,57
"86",2019-03-22,2019,"Round 1","MCG","Tom Atkins","Geelong","Collingwood","Away",9722,4,5,7,77.8,0,2,0,1,0,0,0,4,125,4,2,5,81,5,4,9,2,0,0,5,0,2,3,0,4,0,1,2,44,57
"87",2019-03-22,2019,"Round 1","MCG","Esava Ratugolea","Geelong","Collingwood","Away",9722,5,1,4,80,0,0,0,2,0,0,2,0,92,3,1,0,78,2,3,5,0,0,0,2,4,0,1,2,3,1,2,2,20,33
"88",2019-03-22,2019,"Round 1","MCG","Jack Henry","Geelong","Collingwood","Away",9722,2,3,3,60,0,0,0,3,0,0,0,1,56,2,2,0,81,3,2,5,2,0,0,1,0,0,1,0,3,1,0,1,20,17
"89",2019-03-23,2019,"Round 1","MCG","Christian Salem","Melbourne","Port Adelaide","Home",9723,9,14,27,84.4,0,0,0,4,0,0,1,3,741,6,10,0,87,30,2,32,5,0,0,4,0,0,2,1,1,12,3,0,128,139
"90",2019-03-23,2019,"Round 1","MCG","Angus Brayshaw","Melbourne","Port Adelaide","Home",9723,16,11,15,57.7,0,0,1,1,0,5,3,3,430,6,1,1,78,17,9,26,4,1,1,3,0,0,3,8,4,2,3,1,100,89
"91",2019-03-23,2019,"Round 1","MCG","James Harmes","Melbourne","Port Adelaide","Home",9723,13,10,16,69.6,1,1,0,2,0,2,4,4,332,5,5,1,75,12,11,23,5,0,1,4,0,1,3,6,2,1,1,0,91,103
"92",2019-03-23,2019,"Round 1","MCG","Clayton Oliver","Melbourne","Port Adelaide","Home",9723,11,11,17,73.9,0,0,0,0,0,3,2,3,490,5,4,1,78,13,10,23,1,0,0,3,0,0,5,5,5,5,2,1,73,71
"93",2019-03-23,2019,"Round 1","MCG","Nathan Jones","Melbourne","Port Adelaide","Home",9723,3,14,15,78.9,0,0,1,1,1,1,0,5,419,4,1,0,74,12,7,19,6,1,0,1,0,0,2,1,5,4,0,0,78,71
"94",2019-03-23,2019,"Round 1","MCG","Jake Melksham","Melbourne","Port Adelaide","Home",9723,2,17,10,62.5,0,4,3,3,0,0,0,9,246,7,0,0,84,15,1,16,8,2,0,1,0,4,4,0,5,0,0,2,81,88
"95",2019-03-23,2019,"Round 1","MCG","Michael Hibberd","Melbourne","Port Adelaide","Home",9723,6,9,10,66.7,0,0,0,4,0,0,0,1,486,7,8,0,82,14,1,15,5,0,0,1,0,0,4,0,4,5,2,1,62,67
"96",2019-03-23,2019,"Round 1","MCG","Christian Petracca","Melbourne","Port Adelaide","Home",9723,9,8,11,73.3,0,0,1,1,0,1,1,4,136,4,2,2,84,5,10,15,3,1,1,3,0,0,2,2,4,0,0,3,54,62
"97",2019-03-23,2019,"Round 1","MCG","Alex N-Bullen","Melbourne","Port Adelaide","Home",9723,9,8,9,60,0,0,2,1,0,1,1,5,191,3,2,2,89,9,6,15,2,0,2,5,0,0,1,2,2,0,1,0,68,67
"98",2019-03-23,2019,"Round 1","MCG","Jayden Hunt","Melbourne","Port Adelaide","Home",9723,9,5,7,50,0,0,0,1,2,1,0,1,215,5,8,0,92,5,9,14,0,0,0,4,0,0,1,1,3,2,2,0,51,62
"99",2019-03-23,2019,"Round 1","MCG","Corey Wagner","Melbourne","Port Adelaide","Home",9723,8,7,10,71.4,1,0,0,0,1,0,0,4,313,5,3,1,75,11,3,14,4,0,0,4,0,0,1,0,3,1,2,1,66,61
"100",2019-03-23,2019,"Round 1","MCG","Bayley Fritsch","Melbourne","Port Adelaide","Home",9723,8,8,11,78.6,1,0,2,2,0,1,1,2,257,3,6,0,83,7,7,14,4,1,0,2,0,0,1,2,2,1,0,0,61,74
"101",2019-03-23,2019,"Round 1","MCG","Tom Sparrow","Melbourne","Port Adelaide","Home",9723,6,7,10,71.4,0,0,0,0,0,0,3,3,223,3,1,1,70,12,2,14,1,1,0,3,0,0,2,3,2,1,3,0,64,62
"102",2019-03-23,2019,"Round 1","MCG","Marty Hore","Melbourne","Port Adelaide","Home",9723,7,7,10,71.4,0,0,0,2,0,0,0,1,187,3,8,0,82,7,7,14,2,0,0,1,0,0,0,0,3,2,0,1,42,58
"103",2019-03-23,2019,"Round 1","MCG","Max Gawn","Melbourne","Port Adelaide","Home",9723,10,4,11,84.6,1,0,0,4,0,0,2,4,148,1,3,0,86,7,6,13,3,0,0,2,21,0,3,2,2,1,3,2,68,87
"104",2019-03-23,2019,"Round 1","MCG","Sam Weideman","Melbourne","Port Adelaide","Home",9723,5,8,10,76.9,2,1,1,0,0,0,0,6,156,0,0,2,93,6,7,13,4,1,1,2,5,1,2,0,2,0,1,0,65,68
"105",2019-03-23,2019,"Round 1","MCG","Charlie Spargo","Melbourne","Port Adelaide","Home",9723,2,10,9,81.8,0,1,1,1,0,0,0,5,173,2,1,0,84,6,5,11,7,0,0,0,0,1,2,0,2,0,0,0,49,35
"106",2019-03-23,2019,"Round 1","MCG","Neville Jetta","Melbourne","Port Adelaide","Home",9723,4,5,7,70,0,0,0,4,1,0,0,2,120,4,4,0,78,4,6,10,3,0,0,2,0,0,2,0,3,2,1,2,36,42
"107",2019-03-23,2019,"Round 1","MCG","Jack Viney","Melbourne","Port Adelaide","Home",9723,3,7,6,60,0,0,0,3,0,0,0,1,233,4,1,0,67,6,4,10,1,0,0,4,0,0,3,0,2,0,2,0,47,41
"108",2019-03-23,2019,"Round 1","MCG","Sam Frost","Melbourne","Port Adelaide","Home",9723,4,7,8,88.9,0,0,0,2,2,0,0,1,194,4,5,0,86,4,5,9,3,0,0,2,0,0,1,0,6,3,2,5,26,43
"109",2019-03-23,2019,"Round 1","MCG","Tom McDonald","Melbourne","Port Adelaide","Home",9723,5,3,7,87.5,2,1,2,2,0,0,0,4,50,1,1,1,80,4,4,8,4,1,0,1,3,1,1,0,1,1,0,1,42,59
"110",2019-03-23,2019,"Round 1","MCG","Oscar McDonald","Melbourne","Port Adelaide","Home",9723,1,3,4,80,0,0,0,3,0,0,0,1,114,1,1,0,92,4,1,5,1,0,0,1,0,0,0,0,2,3,0,0,21,21
"111",2019-03-23,2019,"Round 1","MCG","Tom Rockliff","Port Adelaide","Melbourne","Away",9723,12,31,31,70.5,0,0,0,0,0,1,3,5,504,8,2,1,81,24,20,44,10,0,0,8,0,0,2,4,6,3,1,3,166,138
"112",2019-03-23,2019,"Round 1","MCG","Travis Boak","Port Adelaide","Melbourne","Away",9723,11,22,25,73.5,0,0,1,0,0,2,3,9,558,8,4,1,78,17,17,34,9,1,2,8,0,0,7,5,7,2,1,3,144,119
"113",2019-03-23,2019,"Round 1","MCG","Ryan Burton","Port Adelaide","Melbourne","Away",9723,4,20,16,61.5,0,1,1,0,0,0,1,3,548,4,6,0,80,19,7,26,3,0,2,5,0,1,5,1,4,4,0,3,93,81
"114",2019-03-23,2019,"Round 1","MCG","Robbie Gray","Port Adelaide","Melbourne","Away",9723,10,14,14,60.9,0,1,2,0,1,0,3,8,359,4,0,0,90,10,13,23,4,1,3,2,0,1,5,3,4,0,3,3,79,91
"115",2019-03-23,2019,"Round 1","MCG","Brad Ebert","Port Adelaide","Melbourne","Away",9723,7,18,20,87,2,0,2,3,1,1,0,6,277,1,3,2,81,12,11,23,9,1,0,6,0,0,4,1,3,0,0,2,109,99
"116",2019-03-23,2019,"Round 1","MCG","Jack Watts","Port Adelaide","Melbourne","Away",9723,7,14,18,81.8,2,0,0,5,0,0,1,8,267,2,7,0,89,12,10,22,9,0,0,3,0,0,1,1,5,4,0,1,92,90
"117",2019-03-23,2019,"Round 1","MCG","Karl Amon","Port Adelaide","Melbourne","Away",9723,4,17,19,90.5,1,1,0,1,0,0,0,6,163,1,3,0,82,7,14,21,3,0,0,2,0,1,1,0,1,1,0,0,66,73
"118",2019-03-23,2019,"Round 1","MCG","Willem Drew","Port Adelaide","Melbourne","Away",9723,10,14,17,81,0,1,0,2,0,3,1,7,216,4,3,0,81,10,11,21,5,0,0,5,0,1,3,4,2,1,2,1,86,103
"119",2019-03-23,2019,"Round 1","MCG","Sam P-Pepper","Port Adelaide","Melbourne","Away",9723,9,11,10,50,1,0,1,1,1,1,1,10,375,8,2,1,79,12,8,20,3,0,3,2,0,0,3,2,7,1,1,4,61,52
"120",2019-03-23,2019,"Round 1","MCG","Steven Motlop","Port Adelaide","Melbourne","Away",9723,6,12,14,73.7,0,0,0,1,2,0,0,7,300,4,2,0,77,10,9,19,3,0,0,1,0,0,5,0,1,1,1,0,62,66
"121",2019-03-23,2019,"Round 1","MCG","Darcy B-Jones","Port Adelaide","Melbourne","Away",9723,7,14,14,73.7,1,0,0,4,0,0,0,3,212,5,7,0,79,11,8,19,5,0,0,2,0,0,1,0,4,1,0,1,69,76
"122",2019-03-23,2019,"Round 1","MCG","Justin Westhoff","Port Adelaide","Melbourne","Away",9723,11,10,15,83.3,1,0,5,4,0,0,0,7,286,4,6,1,85,12,6,18,9,5,0,5,0,0,3,0,4,0,1,2,120,149
"123",2019-03-23,2019,"Round 1","MCG","Riley Bonner","Port Adelaide","Melbourne","Away",9723,8,10,15,83.3,0,1,0,2,0,0,0,3,388,5,8,0,84,11,7,18,4,0,0,3,0,1,5,0,0,4,1,0,72,88
"124",2019-03-23,2019,"Round 1","MCG","Connor Rozee","Port Adelaide","Melbourne","Away",9723,6,13,14,77.8,0,0,1,2,0,0,1,7,62,3,3,0,75,6,12,18,5,0,0,5,0,0,3,1,3,0,1,3,69,67
"125",2019-03-23,2019,"Round 1","MCG","Dan Houston","Port Adelaide","Melbourne","Away",9723,6,7,15,93.8,2,0,0,1,0,1,0,3,313,1,5,0,80,10,6,16,3,0,0,4,0,0,2,1,0,4,0,0,67,91
"126",2019-03-23,2019,"Round 1","MCG","Xavier Duursma","Port Adelaide","Melbourne","Away",9723,3,13,14,87.5,0,1,1,1,0,0,0,7,212,1,2,0,77,9,7,16,5,1,1,2,0,1,1,0,1,0,0,0,71,67
"127",2019-03-23,2019,"Round 1","MCG","Tom Clurey","Port Adelaide","Melbourne","Away",9723,5,7,11,73.3,1,0,0,4,0,0,0,3,182,4,10,0,90,11,4,15,3,0,0,1,0,0,0,0,1,5,0,0,54,64
"128",2019-03-23,2019,"Round 1","MCG","Zak Butters","Port Adelaide","Melbourne","Away",9723,4,9,7,53.8,0,0,0,2,3,0,1,4,189,2,2,1,84,7,6,13,2,2,0,3,0,0,0,1,3,1,1,0,64,67
"129",2019-03-23,2019,"Round 1","MCG","Thomas Jonas","Port Adelaide","Melbourne","Away",9723,4,8,11,91.7,0,0,0,9,0,0,0,2,97,2,5,0,98,6,6,12,2,0,0,2,0,0,1,0,1,0,1,1,42,64
"130",2019-03-23,2019,"Round 1","MCG","Scott Lycett","Port Adelaide","Melbourne","Away",9723,8,3,8,80,0,1,0,4,0,0,4,4,139,0,2,1,77,3,7,10,0,0,0,1,16,1,2,4,1,2,1,0,44,69
"131",2019-03-23,2019,"Round 1","MCG","Todd Marshall","Port Adelaide","Melbourne","Away",9723,2,8,7,70,0,1,1,1,0,0,0,5,194,2,1,0,72,8,2,10,4,1,1,0,0,1,1,0,1,1,3,0,50,48
"132",2019-03-23,2019,"Round 1","MCG","Patrick Ryder","Port Adelaide","Melbourne","Away",9723,7,1,6,75,1,2,0,2,0,0,2,5,118,2,1,0,81,4,4,8,2,0,1,1,16,2,4,2,2,0,2,1,46,68
"133",2019-03-23,2019,"Round 1","Adelaide Oval","Matt Crouch","Adelaide","Hawthorn","Home",9724,17,23,31,77.5,0,0,1,0,0,0,5,8,336,7,5,0,81,16,24,40,5,1,0,4,0,0,4,5,2,1,2,1,132,138
"134",2019-03-23,2019,"Round 1","Adelaide Oval","Rory Sloane","Adelaide","Hawthorn","Home",9724,22,13,26,72.2,0,1,1,3,0,1,10,8,443,6,5,0,86,15,21,36,4,1,0,9,0,1,4,11,2,2,3,0,144,155
"135",2019-03-23,2019,"Round 1","Adelaide Oval","Rory Atkins","Adelaide","Hawthorn","Home",9724,6,26,19,61.3,0,0,0,0,1,1,0,7,626,9,3,0,88,22,9,31,7,0,1,0,0,0,10,1,7,2,0,3,97,74
"136",2019-03-23,2019,"Round 1","Adelaide Oval","Rory Laird","Adelaide","Hawthorn","Home",9724,7,22,21,72.4,0,0,0,4,0,0,0,2,549,6,8,0,88,18,11,29,5,0,0,3,0,0,4,0,4,3,0,0,103,102
"137",2019-03-23,2019,"Round 1","Adelaide Oval","Brad Crouch","Adelaide","Hawthorn","Home",9724,10,19,19,67.9,0,0,1,0,0,4,1,4,335,5,3,0,75,13,15,28,6,2,0,2,0,0,3,5,3,3,2,0,109,91
"138",2019-03-23,2019,"Round 1","Adelaide Oval","Wayne Milera","Adelaide","Hawthorn","Home",9724,8,17,22,84.6,0,0,0,4,1,0,4,2,336,4,6,0,86,13,13,26,4,0,1,2,0,0,1,4,3,5,1,0,87,82
"139",2019-03-23,2019,"Round 1","Adelaide Oval","Jake Kelly","Adelaide","Hawthorn","Home",9724,7,16,19,76,1,0,0,7,0,0,0,2,288,8,9,0,95,11,14,25,4,0,0,1,0,0,1,0,4,2,0,1,74,84
"140",2019-03-23,2019,"Round 1","Adelaide Oval","Brodie Smith","Adelaide","Hawthorn","Home",9724,6,11,14,66.7,0,1,0,3,1,1,0,5,349,2,6,0,83,9,12,21,5,0,1,2,0,1,2,1,1,4,0,0,75,81
"141",2019-03-23,2019,"Round 1","Adelaide Oval","Tom Lynch","Adelaide","Hawthorn","Home",9724,15,4,14,70,3,0,0,2,0,0,0,5,103,2,2,1,92,8,12,20,5,0,0,2,0,0,2,0,2,0,0,0,71,79
"142",2019-03-23,2019,"Round 1","Adelaide Oval","Alex Keath","Adelaide","Hawthorn","Home",9724,13,9,10,50,3,0,0,5,0,0,1,1,373,13,13,0,94,13,7,20,6,0,0,2,0,0,2,1,7,4,1,1,77,70
"143",2019-03-23,2019,"Round 1","Adelaide Oval","Riley Knight","Adelaide","Hawthorn","Home",9724,8,12,14,70,0,0,0,1,0,0,1,3,129,4,2,1,89,8,12,20,3,0,1,3,0,0,1,1,4,0,2,0,72,67
"144",2019-03-23,2019,"Round 1","Adelaide Oval","David MacKay","Adelaide","Hawthorn","Home",9724,6,12,13,68.4,0,0,0,3,0,0,0,1,465,7,6,0,83,13,6,19,2,0,0,1,0,0,1,0,4,6,0,0,61,57
"145",2019-03-23,2019,"Round 1","Adelaide Oval","Daniel Talia","Adelaide","Hawthorn","Home",9724,5,15,16,84.2,0,0,0,9,0,0,0,0,160,2,7,0,90,7,12,19,4,0,0,1,0,0,0,0,1,5,2,0,63,77
"146",2019-03-23,2019,"Round 1","Adelaide Oval","Bryce Gibbs","Adelaide","Hawthorn","Home",9724,6,10,10,62.5,1,0,0,2,0,1,1,2,150,4,3,0,71,10,6,16,3,0,0,7,0,0,1,2,3,0,0,0,79,69
"147",2019-03-23,2019,"Round 1","Adelaide Oval","Richard Douglas","Adelaide","Hawthorn","Home",9724,4,10,7,46.7,0,0,1,0,0,0,1,4,267,3,0,0,71,13,2,15,4,0,2,1,0,0,3,1,2,1,1,1,59,46
"148",2019-03-23,2019,"Round 1","Adelaide Oval","Taylor Walker","Adelaide","Hawthorn","Home",9724,7,7,8,61.5,1,0,0,3,0,0,0,4,194,4,1,1,92,8,5,13,6,0,1,1,0,0,5,0,4,0,0,1,54,50
"149",2019-03-23,2019,"Round 1","Adelaide Oval","Sam Jacobs","Adelaide","Hawthorn","Home",9724,6,6,8,66.7,1,0,0,4,0,2,1,3,152,2,1,0,81,6,6,12,2,0,1,2,31,0,3,3,2,0,0,1,73,86
"150",2019-03-23,2019,"Round 1","Adelaide Oval","Josh Jenkins","Adelaide","Hawthorn","Home",9724,3,9,8,66.7,0,1,1,1,0,0,0,4,219,1,1,1,92,7,5,12,5,0,0,4,4,1,3,0,1,1,2,0,68,54
"151",2019-03-23,2019,"Round 1","Adelaide Oval","Lachlan Murphy","Adelaide","Hawthorn","Home",9724,2,8,6,54.5,0,2,1,0,0,1,0,3,151,4,1,0,76,5,6,11,2,0,0,1,0,2,4,1,1,0,0,0,37,31
"152",2019-03-23,2019,"Round 1","Adelaide Oval","Eddie Betts","Adelaide","Hawthorn","Home",9724,7,5,7,70,0,0,1,2,0,1,2,4,224,1,0,3,87,6,4,10,3,2,0,3,0,0,3,3,1,0,4,1,60,56
"153",2019-03-23,2019,"Round 1","Adelaide Oval","Chayce Jones","Adelaide","Hawthorn","Home",9724,4,6,6,66.7,0,0,1,1,0,0,0,4,75,2,1,0,74,3,6,9,3,1,1,4,0,0,1,0,2,0,0,1,50,53
"154",2019-03-23,2019,"Round 1","Adelaide Oval","Tom Doedee","Adelaide","Hawthorn","Home",9724,3,5,8,100,1,0,0,2,0,0,0,1,110,0,4,0,27,5,3,8,3,0,0,2,0,0,0,0,0,2,0,0,38,56
"155",2019-03-23,2019,"Round 1","Adelaide Oval","James Worpel","Hawthorn","Adelaide","Away",9724,12,14,18,66.7,0,0,0,2,1,3,3,6,402,6,6,0,76,16,11,27,4,2,0,3,0,0,8,6,7,2,1,2,101,110
"156",2019-03-23,2019,"Round 1","Adelaide Oval","James Sicily","Hawthorn","Adelaide","Away",9724,5,15,22,84.6,0,0,0,8,0,0,0,0,901,11,8,0,94,22,4,26,10,0,0,1,0,0,2,0,5,15,1,1,106,100
"157",2019-03-23,2019,"Round 1","Adelaide Oval","Jaeger O'Meara","Hawthorn","Adelaide","Away",9724,9,14,15,62.5,0,0,0,3,1,3,2,6,469,5,1,0,82,18,6,24,3,2,2,5,0,0,5,5,2,1,0,1,106,105
"158",2019-03-23,2019,"Round 1","Adelaide Oval","Liam Shiels","Hawthorn","Adelaide","Away",9724,9,8,10,45.5,0,0,0,1,0,0,4,3,335,3,3,1,82,14,8,22,0,1,1,4,0,0,2,4,10,1,1,3,73,54
"159",2019-03-23,2019,"Round 1","Adelaide Oval","Blake Hardwick","Hawthorn","Adelaide","Away",9724,7,11,18,81.8,1,1,1,3,0,1,0,2,435,6,8,0,86,15,7,22,4,0,0,4,0,1,2,1,3,7,1,0,88,96
"160",2019-03-23,2019,"Round 1","Adelaide Oval","Ricky Henderson","Hawthorn","Adelaide","Away",9724,6,15,14,70,0,0,0,2,0,0,3,0,406,4,2,1,76,13,7,20,7,0,0,4,0,0,5,3,2,1,0,1,87,82
"161",2019-03-23,2019,"Round 1","Adelaide Oval","Isaac Smith","Hawthorn","Adelaide","Away",9724,3,16,12,60,0,0,0,1,1,0,1,1,519,11,2,0,82,17,3,20,5,1,0,3,0,0,4,1,7,6,0,2,84,63
"162",2019-03-23,2019,"Round 1","Adelaide Oval","Jack Gunston","Hawthorn","Adelaide","Away",9724,8,11,13,68.4,1,0,3,5,0,0,0,8,375,2,2,1,81,14,5,19,6,1,4,3,0,0,3,0,1,0,2,0,94,103
"163",2019-03-23,2019,"Round 1","Adelaide Oval","Ben McEvoy","Hawthorn","Adelaide","Away",9724,10,9,14,77.8,5,0,2,5,0,2,0,6,130,2,4,0,75,6,12,18,8,2,0,0,23,0,0,2,3,2,0,0,101,102
"164",2019-03-23,2019,"Round 1","Adelaide Oval","James Cousins","Hawthorn","Adelaide","Away",9724,3,15,9,50,0,0,0,2,0,0,0,4,359,4,3,1,79,14,4,18,4,2,0,6,0,0,3,0,4,1,0,0,98,72
"165",2019-03-23,2019,"Round 1","Adelaide Oval","Jarman Impey","Hawthorn","Adelaide","Away",9724,9,7,13,76.5,2,0,0,1,0,0,0,3,283,6,13,1,76,11,6,17,6,0,0,2,0,0,3,0,2,4,1,1,69,72
"166",2019-03-23,2019,"Round 1","Adelaide Oval","Harry Morrison","Hawthorn","Adelaide","Away",9724,8,9,13,76.5,0,0,0,1,0,0,0,3,187,5,4,0,76,7,10,17,1,0,0,6,0,0,3,0,4,0,0,1,65,64
"167",2019-03-23,2019,"Round 1","Adelaide Oval","Jarryd Roughead","Hawthorn","Adelaide","Away",9724,9,7,9,56.2,1,1,2,1,1,0,2,8,117,2,1,2,82,5,11,16,3,0,3,3,1,1,0,2,5,0,0,0,62,57
"168",2019-03-23,2019,"Round 1","Adelaide Oval","David Mirra","Hawthorn","Adelaide","Away",9724,6,13,14,87.5,0,0,0,5,0,0,0,1,281,3,8,0,87,10,6,16,7,0,0,4,0,0,1,0,3,4,0,1,76,85
"169",2019-03-23,2019,"Round 1","Adelaide Oval","Benjamin Stratton","Hawthorn","Adelaide","Away",9724,5,9,8,53.3,0,0,0,2,0,0,1,0,134,1,9,0,91,10,5,15,5,0,0,1,0,0,0,1,3,1,0,2,53,41
"170",2019-03-23,2019,"Round 1","Adelaide Oval","Shaun Burgoyne","Hawthorn","Adelaide","Away",9724,6,5,8,66.7,0,1,1,4,0,1,0,5,273,4,2,2,77,7,5,12,2,0,2,3,0,1,4,1,2,0,0,2,45,50
"171",2019-03-23,2019,"Round 1","Adelaide Oval","Luke Breust","Hawthorn","Adelaide","Away",9724,5,7,10,83.3,0,3,0,2,1,0,0,6,186,1,3,3,88,5,7,12,1,1,0,3,0,3,2,0,3,0,1,1,48,72
"172",2019-03-23,2019,"Round 1","Adelaide Oval","Jack Scrimshaw","Hawthorn","Adelaide","Away",9724,8,3,7,63.6,1,0,0,2,0,0,1,0,207,3,8,0,70,7,4,11,2,0,0,5,0,0,1,1,3,0,1,1,53,56
"173",2019-03-23,2019,"Round 1","Adelaide Oval","Conor Nash","Hawthorn","Adelaide","Away",9724,6,5,7,70,0,3,0,2,0,0,1,5,84,2,1,3,88,2,8,10,1,0,1,5,0,3,2,1,1,0,0,0,46,75
"174",2019-03-23,2019,"Round 1","Adelaide Oval","James Frawley","Hawthorn","Adelaide","Away",9724,5,4,4,44.4,0,0,0,9,0,0,0,0,106,3,5,0,96,6,3,9,1,0,0,2,0,0,0,0,1,1,1,0,36,43
"175",2019-03-23,2019,"Round 1","Adelaide Oval","Paul Puopolo","Hawthorn","Adelaide","Away",9724,7,3,8,88.9,0,0,0,3,1,0,1,1,100,2,2,4,87,2,7,9,0,0,0,5,0,0,2,1,1,1,0,1,37,57
"176",2019-03-23,2019,"Round 1","Adelaide Oval","Jonathon Ceglar","Hawthorn","Adelaide","Away",9724,8,2,6,75,1,0,0,12,0,0,1,2,121,0,1,0,68,4,4,8,1,0,0,2,16,0,3,1,0,2,1,0,48,81
"177",2019-03-23,2019,"Round 1","Marvel Stadium","Jackson Macrae","Western Bulldogs","Sydney","Home",9725,15,17,22,68.8,1,1,0,2,0,0,4,5,521,7,5,0,93,15,17,32,5,0,0,3,0,1,5,4,3,3,1,0,107,132
"178",2019-03-23,2019,"Round 1","Marvel Stadium","Marcus Bontempelli","Western Bulldogs","Sydney","Home",9725,9,21,21,72.4,0,1,2,4,0,2,2,9,640,4,2,3,83,17,12,29,5,1,2,7,0,1,6,4,1,1,2,0,128,158
"179",2019-03-23,2019,"Round 1","Marvel Stadium","Thomas Liberatore","Western Bulldogs","Sydney","Home",9725,13,13,17,60.7,0,1,0,0,0,5,3,6,594,2,3,0,78,18,10,28,1,0,2,3,0,1,8,8,4,2,2,2,87,75
"180",2019-03-23,2019,"Round 1","Marvel Stadium","Mitchell Wallis","Western Bulldogs","Sydney","Home",9725,10,20,21,80.8,0,0,0,3,0,0,4,7,184,2,3,1,83,10,16,26,4,0,1,4,0,0,3,4,3,1,2,3,84,96
"181",2019-03-23,2019,"Round 1","Marvel Stadium","Lachlan Hunter","Western Bulldogs","Sydney","Home",9725,10,14,18,69.2,0,0,0,2,2,1,3,7,246,3,7,0,93,10,16,26,5,0,1,8,0,0,4,4,2,1,2,0,112,104
"182",2019-03-23,2019,"Round 1","Marvel Stadium","Matthew Suckling","Western Bulldogs","Sydney","Home",9725,9,8,17,77.3,1,0,0,0,0,0,1,3,474,4,9,0,82,16,6,22,5,0,0,1,0,0,3,1,2,8,0,0,79,85
"183",2019-03-23,2019,"Round 1","Marvel Stadium","Sam Lloyd","Western Bulldogs","Sydney","Home",9725,9,12,16,72.7,0,0,0,1,0,0,2,8,341,4,2,0,75,12,10,22,2,2,1,3,0,0,3,2,4,0,1,2,82,96
"184",2019-03-23,2019,"Round 1","Marvel Stadium","Toby McLean","Western Bulldogs","Sydney","Home",9725,10,13,18,81.8,1,1,1,2,0,0,2,6,323,6,4,1,83,11,11,22,4,0,0,3,0,1,5,2,5,0,2,3,72,95
"185",2019-03-23,2019,"Round 1","Marvel Stadium","Caleb Daniel","Western Bulldogs","Sydney","Home",9725,4,12,16,80,0,0,0,3,1,0,1,1,348,3,3,0,86,12,8,20,1,0,0,5,0,0,3,1,2,5,0,0,75,104
"186",2019-03-23,2019,"Round 1","Marvel Stadium","Josh Dunkley","Western Bulldogs","Sydney","Home",9725,8,14,14,70,0,1,0,5,0,0,1,7,230,3,4,1,83,9,11,20,0,0,1,7,0,1,5,1,0,0,1,0,79,98
"187",2019-03-23,2019,"Round 1","Marvel Stadium","Taylor Duryea","Western Bulldogs","Sydney","Home",9725,3,11,8,53.3,0,0,0,3,0,0,0,4,330,3,6,0,72,11,4,15,1,1,0,1,0,0,2,0,2,0,0,1,51,62
"188",2019-03-23,2019,"Round 1","Marvel Stadium","Aaron Naughton","Western Bulldogs","Sydney","Home",9725,8,6,6,40,3,0,5,2,0,0,0,8,302,5,2,0,80,11,4,15,6,3,2,1,0,0,3,0,3,1,2,2,79,90
"189",2019-03-23,2019,"Round 1","Marvel Stadium","Zaine Cordy","Western Bulldogs","Sydney","Home",9725,4,9,10,76.9,0,0,0,5,1,0,0,1,147,2,7,0,95,7,6,13,3,0,0,0,0,0,1,0,4,1,0,1,39,54
"190",2019-03-23,2019,"Round 1","Marvel Stadium","Bailey Williams","Western Bulldogs","Sydney","Home",9725,1,10,7,58.3,0,0,0,2,1,0,0,2,383,5,2,0,86,11,1,12,4,0,0,1,0,0,1,0,3,7,0,1,48,40
"191",2019-03-23,2019,"Round 1","Marvel Stadium","Ed Richards","Western Bulldogs","Sydney","Home",9725,8,3,10,83.3,0,0,0,0,1,0,2,2,241,2,3,0,71,6,6,12,1,1,0,0,0,0,4,2,2,1,1,0,40,51
"192",2019-03-23,2019,"Round 1","Marvel Stadium","Tory Dickson","Western Bulldogs","Sydney","Home",9725,4,6,6,54.5,0,1,2,0,0,1,1,4,176,4,2,1,69,9,2,11,4,0,1,3,0,1,2,2,2,1,0,0,56,36
"193",2019-03-23,2019,"Round 1","Marvel Stadium","Billy Gowers","Western Bulldogs","Sydney","Home",9725,4,9,5,45.5,1,0,4,2,0,0,1,7,311,1,0,0,76,10,1,11,4,2,2,2,0,0,1,1,1,0,1,0,67,61
"194",2019-03-23,2019,"Round 1","Marvel Stadium","Josh Schache","Western Bulldogs","Sydney","Home",9725,8,1,7,70,0,0,0,1,0,0,1,4,82,1,2,1,72,4,6,10,0,1,1,1,1,0,2,1,3,0,2,0,38,45
"195",2019-03-23,2019,"Round 1","Marvel Stadium","Timothy English","Western Bulldogs","Sydney","Home",9725,7,2,6,75,0,0,0,5,0,2,1,5,177,3,0,1,83,5,3,8,1,0,0,7,19,0,3,3,3,0,1,2,66,61
"196",2019-03-23,2019,"Round 1","Marvel Stadium","Bailey Smith","Western Bulldogs","Sydney","Home",9725,3,6,5,62.5,0,0,0,0,0,0,1,4,166,1,1,2,77,4,4,8,1,0,0,4,0,0,3,1,1,0,0,1,36,33
"197",2019-03-23,2019,"Round 1","Marvel Stadium","Hayden Crozier","Western Bulldogs","Sydney","Home",9725,3,3,7,100,0,0,0,3,0,0,0,2,116,2,4,0,85,4,3,7,2,0,0,1,0,0,0,0,2,2,1,2,23,42
"198",2019-03-23,2019,"Round 1","Marvel Stadium","Easton Wood","Western Bulldogs","Sydney","Home",9725,1,3,4,80,0,0,0,5,0,0,0,0,109,3,3,0,93,5,0,5,3,0,0,1,0,0,1,0,4,3,1,2,23,16
"199",2019-03-23,2019,"Round 1","Marvel Stadium","Jake Lloyd","Sydney","Western Bulldogs","Away",9725,4,28,30,85.7,0,0,0,7,0,0,1,7,630,7,4,0,93,24,11,35,10,0,0,1,0,0,2,1,3,9,1,1,126,131
"200",2019-03-23,2019,"Round 1","Marvel Stadium","Zak Jones","Sydney","Western Bulldogs","Away",9725,5,19,14,58.3,0,0,0,0,0,0,2,9,541,7,3,0,84,16,8,24,5,0,2,4,0,0,6,2,4,2,0,1,94,85
"201",2019-03-23,2019,"Round 1","Marvel Stadium","Harry Cunningham","Sydney","Western Bulldogs","Away",9725,7,14,21,91.3,0,0,0,0,0,0,1,2,399,3,6,0,85,13,10,23,6,0,0,1,0,0,3,1,2,4,1,0,82,91
"202",2019-03-23,2019,"Round 1","Marvel Stadium","Jarrad McVeigh","Sydney","Western Bulldogs","Away",9725,5,10,21,95.5,0,1,0,6,0,1,2,5,282,1,3,0,85,10,12,22,1,0,0,0,0,1,2,3,0,7,0,0,57,85
"203",2019-03-23,2019,"Round 1","Marvel Stadium","Josh P. Kennedy","Sydney","Western Bulldogs","Away",9725,10,9,12,54.5,0,1,0,0,0,4,3,8,412,4,4,0,80,13,9,22,3,0,3,7,0,1,2,7,3,3,1,1,95,94
"204",2019-03-23,2019,"Round 1","Marvel Stadium","Luke Parker","Sydney","Western Bulldogs","Away",9725,11,11,15,68.2,0,0,1,4,0,4,2,6,155,3,4,1,86,12,10,22,3,0,0,7,0,0,1,6,5,2,1,0,94,86
"205",2019-03-23,2019,"Round 1","Marvel Stadium","George Hewett","Sydney","Western Bulldogs","Away",9725,9,14,16,76.2,1,0,0,2,0,0,1,6,351,5,3,0,82,13,8,21,2,0,0,2,0,0,2,1,2,4,4,1,70,88
"206",2019-03-23,2019,"Round 1","Marvel Stadium","Callum Mills","Sydney","Western Bulldogs","Away",9725,8,10,16,80,1,1,0,0,0,0,1,3,313,3,10,0,87,11,9,20,3,1,0,2,0,1,3,1,4,4,2,1,73,79
"207",2019-03-23,2019,"Round 1","Marvel Stadium","Isaac Heeney","Sydney","Western Bulldogs","Away",9725,7,13,15,78.9,2,1,2,0,0,0,2,7,114,5,1,0,84,6,13,19,5,2,0,5,0,1,2,2,5,0,0,2,85,85
"208",2019-03-23,2019,"Round 1","Marvel Stadium","Tom Papley","Sydney","Western Bulldogs","Away",9725,6,14,15,78.9,0,0,2,4,1,0,2,5,308,4,1,0,81,11,8,19,6,1,0,6,0,0,3,2,6,0,1,2,92,90
"209",2019-03-23,2019,"Round 1","Marvel Stadium","Dane Rampe","Sydney","Western Bulldogs","Away",9725,3,11,16,94.1,0,0,0,3,0,0,0,2,575,3,4,0,91,12,5,17,4,0,0,7,0,0,0,0,1,9,1,1,84,87
"210",2019-03-23,2019,"Round 1","Marvel Stadium","Ryan Clarke","Sydney","Western Bulldogs","Away",9725,6,11,14,82.4,0,0,0,0,0,0,2,5,164,3,1,0,70,4,13,17,2,0,0,3,0,0,2,2,2,0,1,2,51,63
"211",2019-03-23,2019,"Round 1","Marvel Stadium","Aliir Aliir","Sydney","Western Bulldogs","Away",9725,6,8,12,80,2,0,0,3,0,0,0,1,308,4,9,0,80,9,6,15,4,0,0,1,2,0,1,0,0,3,1,0,58,83
"212",2019-03-23,2019,"Round 1","Marvel Stadium","Jordan Dawson","Sydney","Western Bulldogs","Away",9725,8,7,8,57.1,0,0,0,3,0,0,0,2,54,3,1,1,75,4,10,14,2,0,0,2,0,0,1,0,6,1,0,1,43,41
"213",2019-03-23,2019,"Round 1","Marvel Stadium","Oliver Florent","Sydney","Western Bulldogs","Away",9725,5,8,10,76.9,0,0,0,1,0,0,2,2,180,4,2,0,74,6,7,13,4,0,0,2,0,0,2,2,0,1,0,0,52,70
"214",2019-03-23,2019,"Round 1","Marvel Stadium","Heath Grundy","Sydney","Western Bulldogs","Away",9725,6,6,8,72.7,0,0,0,4,0,1,1,2,153,4,4,0,70,7,4,11,3,0,0,2,3,0,1,2,3,2,2,1,48,55
"215",2019-03-23,2019,"Round 1","Marvel Stadium","Callum Sinclair","Sydney","Western Bulldogs","Away",9725,3,10,9,81.8,0,0,0,3,0,0,0,2,90,3,3,0,84,6,5,11,6,0,0,5,44,0,2,0,3,0,1,2,105,99
"216",2019-03-23,2019,"Round 1","Marvel Stadium","Sam Reid","Sydney","Western Bulldogs","Away",9725,3,7,9,90,1,1,4,2,0,0,0,7,251,1,0,0,85,7,3,10,7,2,1,0,0,1,5,0,1,0,1,0,62,54
"217",2019-03-23,2019,"Round 1","Marvel Stadium","Nick Blakey","Sydney","Western Bulldogs","Away",9725,4,6,7,70,0,1,0,0,0,0,0,4,180,0,0,1,77,6,4,10,1,1,1,1,0,1,2,0,2,0,2,0,42,46
"218",2019-03-23,2019,"Round 1","Marvel Stadium","Will Hayward","Sydney","Western Bulldogs","Away",9725,3,6,4,44.4,0,1,2,1,0,0,0,4,238,3,2,1,85,6,3,9,3,1,1,6,0,1,4,0,2,0,1,1,62,47
"219",2019-03-23,2019,"Round 1","Marvel Stadium","Lewis Melican","Sydney","Western Bulldogs","Away",9725,2,5,7,87.5,0,0,0,10,0,0,0,3,132,2,5,0,83,5,3,8,3,0,0,4,0,0,0,0,5,5,0,4,34,53
"220",2019-03-23,2019,"Round 1","Marvel Stadium","Lance Franklin","Sydney","Western Bulldogs","Away",9725,4,3,4,57.1,3,1,4,0,0,0,0,5,145,2,1,1,80,6,1,7,5,1,2,2,0,1,1,0,2,0,1,1,49,55
"221",2019-03-23,2019,"Round 1","Gabba","Lachie Neale","Brisbane","West Coast","Home",9726,14,14,25,86.2,0,0,0,1,0,2,3,5,232,4,6,0,87,11,18,29,2,1,1,2,0,0,1,5,1,2,1,0,91,127
"222",2019-03-23,2019,"Round 1","Gabba","Jarryd Lyons","Brisbane","West Coast","Home",9726,8,17,14,53.8,0,1,0,2,0,2,2,7,463,3,0,2,84,15,11,26,1,0,0,7,0,1,5,4,5,1,1,1,96,92
"223",2019-03-23,2019,"Round 1","Gabba","Rhys Mathieson","Brisbane","West Coast","Home",9726,12,14,18,72,0,0,0,0,0,2,3,5,416,6,1,1,75,12,13,25,2,1,0,3,0,0,3,5,4,0,0,2,80,95
"224",2019-03-23,2019,"Round 1","Gabba","Jarrod Berry","Brisbane","West Coast","Home",9726,10,15,21,84,0,2,0,2,0,3,2,7,297,5,5,0,75,10,15,25,4,0,1,4,0,2,4,5,2,1,2,1,88,115
"225",2019-03-23,2019,"Round 1","Gabba","Alex Witherden","Brisbane","West Coast","Home",9726,5,17,23,92,0,0,0,4,0,0,1,4,384,0,3,0,86,16,9,25,7,0,0,0,0,0,2,1,3,3,2,2,83,97
"226",2019-03-23,2019,"Round 1","Gabba","Daniel Rich","Brisbane","West Coast","Home",9726,3,18,18,78.3,0,0,0,4,0,0,0,3,517,4,5,0,87,21,2,23,8,1,0,1,0,0,1,0,1,4,0,0,101,97
"227",2019-03-23,2019,"Round 1","Gabba","Luke Hodge","Brisbane","West Coast","Home",9726,7,10,19,95,0,0,0,3,0,0,2,2,238,4,7,0,91,13,7,20,6,0,0,1,0,0,0,2,5,8,1,2,70,73
"228",2019-03-23,2019,"Round 1","Gabba","Dayne Zorko","Brisbane","West Coast","Home",9726,13,10,14,70,0,2,0,2,1,0,4,12,498,4,3,3,86,15,5,20,2,1,1,8,0,2,9,4,5,0,3,3,94,112
"229",2019-03-23,2019,"Round 1","Gabba","Harris Andrews","Brisbane","West Coast","Home",9726,7,13,19,95,0,0,0,17,1,0,0,3,262,1,8,0,93,8,12,20,6,0,0,1,0,0,1,0,2,3,0,1,67,117
"230",2019-03-23,2019,"Round 1","Gabba","Hugh McCluggage","Brisbane","West Coast","Home",9726,9,11,17,85,0,1,1,0,2,2,3,8,461,3,2,3,67,12,8,20,4,1,1,5,0,1,8,5,2,0,1,0,92,114
"231",2019-03-23,2019,"Round 1","Gabba","Mitch Robinson","Brisbane","West Coast","Home",9726,13,8,10,52.6,1,0,1,1,0,0,4,4,439,9,6,0,84,14,5,19,2,0,1,3,0,0,4,4,8,4,1,2,66,70
"232",2019-03-23,2019,"Round 1","Gabba","Darcy Gardiner","Brisbane","West Coast","Home",9726,8,6,9,60,1,1,0,1,0,0,0,2,179,4,9,0,84,12,3,15,6,0,0,2,0,1,2,0,6,2,2,2,64,51
"233",2019-03-23,2019,"Round 1","Gabba","Zac Bailey","Brisbane","West Coast","Home",9726,3,13,11,73.3,1,0,0,0,1,0,0,1,265,1,3,0,75,10,5,15,4,0,1,1,0,0,1,0,1,5,1,0,58,55
"234",2019-03-23,2019,"Round 1","Gabba","Ryan Bastinac","Brisbane","West Coast","Home",9726,2,12,11,78.6,0,0,0,1,0,1,0,4,330,3,1,1,81,12,2,14,9,1,0,1,0,0,3,1,4,1,0,2,71,52
"235",2019-03-23,2019,"Round 1","Gabba","Cameron Rayner","Brisbane","West Coast","Home",9726,4,10,8,57.1,0,0,2,0,0,0,0,7,349,2,1,1,87,10,4,14,4,2,3,2,0,0,3,0,3,2,1,2,68,55
"236",2019-03-23,2019,"Round 1","Gabba","Stefan Martin","Brisbane","West Coast","Home",9726,9,5,9,69.2,0,1,0,1,0,0,3,4,-5,0,1,1,69,4,9,13,0,0,0,3,17,1,0,3,0,0,4,0,63,82
"237",2019-03-23,2019,"Round 1","Gabba","Charlie Cameron","Brisbane","West Coast","Home",9726,6,6,10,76.9,0,1,2,1,0,0,2,9,198,5,1,2,87,9,4,13,5,3,1,4,0,1,3,2,2,0,0,2,79,110
"238",2019-03-23,2019,"Round 1","Gabba","Lincoln McCarthy","Brisbane","West Coast","Home",9726,6,6,6,54.5,0,0,1,1,0,0,1,5,172,3,1,2,75,7,4,11,2,4,0,4,0,0,1,1,3,1,1,3,67,86
"239",2019-03-23,2019,"Round 1","Gabba","Daniel McStay","Brisbane","West Coast","Home",9726,9,2,8,72.7,2,0,0,2,0,0,1,2,119,2,2,0,86,5,6,11,2,0,0,2,0,0,2,1,1,0,1,1,39,46
"240",2019-03-23,2019,"Round 1","Gabba","Joshua Walker","Brisbane","West Coast","Home",9726,6,6,8,80,1,0,0,7,0,0,0,1,90,1,6,0,84,6,4,10,5,0,0,1,0,0,0,0,3,1,0,2,39,52
"241",2019-03-23,2019,"Round 1","Gabba","Eric Hipwood","Brisbane","West Coast","Home",9726,3,4,4,50,1,1,1,0,0,0,0,3,255,4,0,1,92,8,0,8,2,0,1,1,0,1,2,0,5,1,1,2,30,30
"242",2019-03-23,2019,"Round 1","Gabba","Oscar McInerney","Brisbane","West Coast","Home",9726,4,2,4,66.7,0,0,0,5,0,0,1,3,79,2,2,0,66,2,4,6,0,0,0,0,18,0,1,1,3,1,0,1,29,84
"243",2019-03-23,2019,"Round 1","Gabba","Dominic Sheed","West Coast","Brisbane","Away",9726,21,16,26,68.4,0,0,1,2,0,4,6,4,435,5,3,0,83,20,18,38,7,1,0,3,0,0,5,10,4,5,1,1,133,144
"244",2019-03-23,2019,"Round 1","Gabba","Luke Shuey","West Coast","Brisbane","Away",9726,10,15,15,57.7,0,1,0,3,0,0,8,5,677,8,5,1,75,23,3,26,2,0,0,3,0,1,8,8,3,3,2,0,95,101
"245",2019-03-23,2019,"Round 1","Gabba","Elliot Yeo","West Coast","Brisbane","Away",9726,8,14,11,44,1,0,1,5,2,3,2,4,522,11,4,0,82,20,5,25,5,1,1,1,0,0,5,5,8,2,1,2,91,83
"246",2019-03-23,2019,"Round 1","Gabba","Jack Redden","West Coast","Brisbane","Away",9726,9,13,14,63.6,0,0,0,3,0,0,3,2,217,5,5,1,82,10,12,22,4,0,0,5,0,0,1,3,3,1,1,0,87,85
"247",2019-03-23,2019,"Round 1","Gabba","Shannon Hurn","West Coast","Brisbane","Away",9726,6,8,18,90,1,0,0,3,0,0,0,0,596,2,7,0,88,17,3,20,5,0,0,3,0,0,3,0,3,7,1,2,79,108
"248",2019-03-23,2019,"Round 1","Gabba","Bradley Sheppard","West Coast","Brisbane","Away",9726,5,13,13,72.2,0,0,0,3,0,0,0,0,309,2,4,0,88,14,4,18,5,0,0,5,0,0,1,0,4,7,3,1,85,93
"249",2019-03-23,2019,"Round 1","Gabba","Liam Duggan","West Coast","Brisbane","Away",9726,6,10,10,66.7,0,0,0,3,0,0,0,1,397,4,5,0,80,12,3,15,2,0,0,1,0,0,2,0,5,1,3,0,55,49
"250",2019-03-23,2019,"Round 1","Gabba","Lewis Jetta","West Coast","Brisbane","Away",9726,3,10,12,85.7,0,0,0,2,0,0,0,0,367,2,3,0,88,9,5,14,3,0,0,1,0,0,2,0,2,2,1,2,45,57
"251",2019-03-23,2019,"Round 1","Gabba","Jeremy McGovern","West Coast","Brisbane","Away",9726,8,5,8,66.7,2,0,0,13,0,0,0,0,121,3,9,0,83,8,4,12,5,0,0,1,3,0,0,0,4,4,3,1,54,87
"252",2019-03-23,2019,"Round 1","Gabba","Chris Masten","West Coast","Brisbane","Away",9726,4,8,9,81.8,0,0,0,3,0,0,0,1,45,3,4,1,81,4,7,11,2,0,0,1,1,0,1,0,1,1,0,1,34,43
"253",2019-03-23,2019,"Round 1","Gabba","Mark Hutchings","West Coast","Brisbane","Away",9726,8,3,6,54.5,0,0,0,2,1,1,3,1,224,4,4,0,88,8,3,11,1,0,1,4,0,0,3,4,4,2,2,0,52,57
"254",2019-03-23,2019,"Round 1","Gabba","Jack Darling","West Coast","Brisbane","Away",9726,6,4,6,60,1,0,3,3,0,0,0,4,290,3,1,1,84,8,2,10,4,2,1,3,0,0,3,0,1,0,3,0,68,75
"255",2019-03-23,2019,"Round 1","Gabba","Jack Petruccelle","West Coast","Brisbane","Away",9726,2,8,8,80,0,1,0,0,0,0,0,1,211,1,2,0,80,7,3,10,2,0,0,3,0,1,2,0,1,2,1,0,46,44
"256",2019-03-23,2019,"Round 1","Gabba","Tom Barrass","West Coast","Brisbane","Away",9726,2,5,8,88.9,0,0,0,12,0,0,2,1,121,1,4,0,86,8,1,9,3,0,0,0,12,0,0,2,2,2,2,0,49,71
"257",2019-03-23,2019,"Round 1","Gabba","Daniel Venables","West Coast","Brisbane","Away",9726,7,4,6,66.7,0,0,0,5,0,1,1,2,69,3,2,2,72,3,6,9,0,1,0,5,0,0,2,2,3,1,1,2,42,70
"258",2019-03-23,2019,"Round 1","Gabba","Jake Waterman","West Coast","Brisbane","Away",9726,4,5,7,87.5,1,1,1,1,0,0,0,2,133,3,1,0,80,4,4,8,4,0,1,1,0,1,3,0,2,0,0,1,34,45
"259",2019-03-23,2019,"Round 1","Gabba","Jarrod Brander","West Coast","Brisbane","Away",9726,2,6,6,75,1,0,0,0,0,0,0,3,216,3,0,1,74,8,0,8,7,0,2,1,0,0,2,0,2,0,0,1,48,36
"260",2019-03-23,2019,"Round 1","Gabba","Liam Ryan","West Coast","Brisbane","Away",9726,6,4,3,37.5,0,0,1,2,2,0,0,2,152,4,1,2,84,4,4,8,2,1,1,6,0,0,1,0,3,0,3,2,54,59
"261",2019-03-23,2019,"Round 1","Gabba","Oscar Allen","West Coast","Brisbane","Away",9726,7,2,6,75,1,1,1,5,0,0,0,4,124,1,3,2,82,4,4,8,2,2,0,2,0,1,3,0,0,0,2,0,48,83
"262",2019-03-23,2019,"Round 1","Gabba","Tom Cole","West Coast","Brisbane","Away",9726,4,4,4,57.1,0,0,0,4,0,0,0,0,54,2,3,0,87,4,3,7,2,0,0,3,0,0,0,0,3,1,0,2,30,40
"263",2019-03-23,2019,"Round 1","Gabba","Nathan Vardy","West Coast","Brisbane","Away",9726,2,1,2,66.7,0,0,0,6,0,0,1,0,25,2,1,0,78,1,2,3,0,0,0,1,14,0,0,1,6,0,1,3,17,23
"264",2019-03-23,2019,"Round 1","Gabba","Tom Hickey","West Coast","Brisbane","Away",9726,2,1,2,100,0,0,0,3,0,1,0,1,86,1,0,1,75,2,0,2,1,0,0,2,20,0,1,1,3,0,0,2,31,36
"265",2019-03-24,2019,"Round 1","Marvel Stadium","Jack Billings","St Kilda","Gold Coast","Home",9727,7,21,23,82.1,0,0,0,2,0,1,0,8,365,5,3,0,91,14,14,28,4,0,0,1,0,0,4,1,3,2,1,1,84,88
"266",2019-03-24,2019,"Round 1","Marvel Stadium","Sebastian Ross","St Kilda","Gold Coast","Home",9727,5,22,21,77.8,0,1,0,1,5,2,0,7,451,4,1,0,89,16,11,27,4,0,0,0,0,1,7,2,2,3,0,0,82,86
"267",2019-03-24,2019,"Round 1","Marvel Stadium","Jack Steven","St Kilda","Gold Coast","Home",9727,16,7,13,56.5,1,0,1,0,1,4,6,4,486,6,0,1,71,14,9,23,2,0,0,5,0,0,5,10,4,2,4,0,90,92
"268",2019-03-24,2019,"Round 1","Marvel Stadium","Jack Newnes","St Kilda","Gold Coast","Home",9727,6,17,19,82.6,0,2,0,1,2,0,2,8,501,5,4,2,88,18,5,23,4,0,0,5,0,2,8,2,4,5,0,2,90,92
"269",2019-03-24,2019,"Round 1","Marvel Stadium","Jack Steele","St Kilda","Gold Coast","Home",9727,10,11,18,81.8,0,0,1,1,0,1,3,6,279,1,4,0,91,11,11,22,5,1,0,10,0,0,2,4,4,1,1,2,111,115
"270",2019-03-24,2019,"Round 1","Marvel Stadium","Jack Lonie","St Kilda","Gold Coast","Home",9727,7,16,14,63.6,0,1,2,0,0,1,1,3,293,5,1,2,81,14,8,22,6,1,1,4,0,1,5,2,3,1,2,3,92,85
"271",2019-03-24,2019,"Round 1","Marvel Stadium","Jimmy Webster","St Kilda","Gold Coast","Home",9727,6,12,12,60,0,1,0,6,0,0,0,3,352,3,6,0,89,13,7,20,1,0,0,1,0,1,2,0,3,3,0,0,60,70
"272",2019-03-24,2019,"Round 1","Marvel Stadium","Jack Sinclair","St Kilda","Gold Coast","Home",9727,7,14,10,50,0,1,0,2,0,1,2,5,363,6,2,1,85,13,7,20,4,1,0,4,0,1,5,3,4,2,0,1,84,77
"273",2019-03-24,2019,"Round 1","Marvel Stadium","Jade Gresham","St Kilda","Gold Coast","Home",9727,11,8,15,78.9,0,1,1,0,1,1,7,7,318,5,2,0,73,12,7,19,2,1,0,2,0,1,2,8,3,0,1,2,65,86
"274",2019-03-24,2019,"Round 1","Marvel Stadium","Jarryn Geary","St Kilda","Gold Coast","Home",9727,7,11,13,72.2,1,0,0,1,0,0,0,1,343,3,8,0,84,8,10,18,3,0,1,3,0,0,2,0,2,3,0,0,66,63
"275",2019-03-24,2019,"Round 1","Marvel Stadium","Josh Bruce","St Kilda","Gold Coast","Home",9727,8,11,12,66.7,2,0,2,1,0,1,0,6,275,5,1,2,84,9,9,18,4,3,1,2,6,0,0,1,6,2,1,4,79,95
"276",2019-03-24,2019,"Round 1","Marvel Stadium","Luke Dunstan","St Kilda","Gold Coast","Home",9727,13,7,9,50,0,1,0,3,0,1,7,4,170,2,0,0,72,11,7,18,3,0,0,7,0,1,2,8,3,0,1,0,85,86
"277",2019-03-24,2019,"Round 1","Marvel Stadium","Darragh Joyce","St Kilda","Gold Coast","Home",9727,9,8,12,66.7,0,0,0,11,0,0,0,0,231,7,12,0,95,10,8,18,3,0,0,2,0,0,0,0,9,2,0,6,45,67
"278",2019-03-24,2019,"Round 1","Marvel Stadium","Josh Battle","St Kilda","Gold Coast","Home",9727,6,11,16,88.9,3,0,0,6,1,0,0,3,130,1,7,0,74,11,7,18,6,0,0,1,0,0,1,0,1,2,0,1,66,84
"279",2019-03-24,2019,"Round 1","Marvel Stadium","Matthew Parker","St Kilda","Gold Coast","Home",9727,8,9,12,70.6,0,2,1,3,0,1,0,6,397,7,3,1,80,11,6,17,5,2,0,3,0,2,7,1,5,0,2,1,83,87
"280",2019-03-24,2019,"Round 1","Marvel Stadium","Shane Savage","St Kilda","Gold Coast","Home",9727,2,10,12,80,0,0,0,3,1,0,0,2,403,3,2,0,94,12,3,15,5,0,0,1,0,0,2,0,3,4,0,0,61,51
"281",2019-03-24,2019,"Round 1","Marvel Stadium","Daniel McKenzie","St Kilda","Gold Coast","Home",9727,11,3,13,92.9,1,0,0,4,0,0,0,2,117,1,10,0,78,6,8,14,2,0,0,5,0,0,0,0,2,4,1,1,58,94
"282",2019-03-24,2019,"Round 1","Marvel Stadium","Ben Long","St Kilda","Gold Coast","Home",9727,8,5,8,66.7,1,0,1,2,0,1,2,2,167,3,3,1,72,9,3,12,4,1,0,5,0,0,1,3,5,1,1,2,66,49
"283",2019-03-24,2019,"Round 1","Marvel Stadium","Tim Membrey","St Kilda","Gold Coast","Home",9727,2,9,8,72.7,0,0,2,2,0,0,0,5,214,1,1,0,86,8,3,11,7,2,0,3,0,0,1,0,1,0,1,0,76,66
"284",2019-03-24,2019,"Round 1","Marvel Stadium","Callum Wilkie","St Kilda","Gold Coast","Home",9727,6,5,11,100,2,0,0,9,0,0,0,0,78,1,8,0,83,6,5,11,4,0,0,2,0,0,0,0,2,3,1,1,46,70
"285",2019-03-24,2019,"Round 1","Marvel Stadium","Dean Kent","St Kilda","Gold Coast","Home",9727,3,5,4,50,0,1,2,2,0,0,0,3,237,4,0,1,63,6,2,8,3,1,0,3,0,1,4,0,6,0,0,1,46,47
"286",2019-03-24,2019,"Round 1","Marvel Stadium","Lewis Pierce","St Kilda","Gold Coast","Home",9727,6,1,3,50,0,0,0,3,0,1,0,3,13,1,2,0,77,2,4,6,0,0,0,2,27,0,0,1,2,0,1,1,47,55
"287",2019-03-24,2019,"Round 1","Marvel Stadium","Brayden Fiorini","Gold Coast","St Kilda","Away",9727,13,18,21,70,0,2,1,1,0,3,3,7,416,5,4,2,80,16,14,30,4,0,0,6,0,2,5,6,2,4,2,0,114,118
"288",2019-03-24,2019,"Round 1","Marvel Stadium","Anthony Miles","Gold Coast","St Kilda","Away",9727,9,16,18,75,0,0,1,0,0,0,4,5,409,3,3,0,74,14,10,24,4,1,1,3,0,0,5,4,1,1,3,0,96,95
"289",2019-03-24,2019,"Round 1","Marvel Stadium","Touk Miller","Gold Coast","St Kilda","Away",9727,12,14,21,87.5,0,0,0,2,0,2,4,5,298,1,2,2,83,7,17,24,4,0,0,8,0,0,2,6,4,4,1,3,91,101
"290",2019-03-24,2019,"Round 1","Marvel Stadium","Charlie Ballard","Gold Coast","St Kilda","Away",9727,8,16,17,70.8,2,0,0,5,0,0,0,3,392,3,12,0,93,15,9,24,4,0,1,4,0,0,1,0,6,6,3,2,89,105
"291",2019-03-24,2019,"Round 1","Marvel Stadium","Wil Powell","Gold Coast","St Kilda","Away",9727,7,16,12,52.2,0,0,0,0,0,0,1,3,532,8,5,1,87,17,6,23,7,1,1,2,0,0,4,1,5,2,4,0,103,82
"292",2019-03-24,2019,"Round 1","Marvel Stadium","Jack Bowes","Gold Coast","St Kilda","Away",9727,12,12,17,77.3,0,1,0,3,0,3,2,3,235,5,3,1,81,7,15,22,5,0,0,5,0,1,3,5,2,1,1,0,87,98
"293",2019-03-24,2019,"Round 1","Marvel Stadium","Darcy Macpherson","Gold Coast","St Kilda","Away",9727,6,13,12,60,0,2,0,1,0,0,2,3,281,8,3,3,88,14,6,20,4,0,0,9,0,2,5,2,5,2,0,2,96,80
"294",2019-03-24,2019,"Round 1","Marvel Stadium","Jack Martin","Gold Coast","St Kilda","Away",9727,4,15,15,78.9,0,1,0,2,0,0,2,6,592,7,5,0,80,12,7,19,4,0,1,3,0,1,7,2,1,2,3,1,75,79
"295",2019-03-24,2019,"Round 1","Marvel Stadium","Jarrod Harbrow","Gold Coast","St Kilda","Away",9727,1,16,18,100,1,0,0,1,3,0,0,2,353,1,1,0,88,10,8,18,5,0,0,1,0,0,1,0,1,6,0,0,65,79
"296",2019-03-24,2019,"Round 1","Marvel Stadium","Alex Sexton","Gold Coast","St Kilda","Away",9727,12,7,11,61.1,0,0,0,0,1,1,1,6,282,6,1,0,88,11,7,18,2,4,0,1,0,0,3,2,4,0,0,1,78,93
"297",2019-03-24,2019,"Round 1","Marvel Stadium","George H-Smith","Gold Coast","St Kilda","Away",9727,5,12,12,70.6,1,0,0,2,0,0,0,2,269,5,7,0,78,9,8,17,3,0,0,2,0,0,2,0,3,4,2,2,56,65
"298",2019-03-24,2019,"Round 1","Marvel Stadium","Lachlan Weller","Gold Coast","St Kilda","Away",9727,9,7,8,50,1,0,0,3,0,0,3,1,349,2,5,0,87,11,5,16,4,0,0,0,0,0,3,3,3,3,0,1,52,55
"299",2019-03-24,2019,"Round 1","Marvel Stadium","Peter Wright","Gold Coast","St Kilda","Away",9727,10,5,13,92.9,1,1,0,3,0,0,2,6,242,2,0,0,90,9,5,14,1,2,0,0,6,1,0,2,1,0,5,0,63,88
"300",2019-03-24,2019,"Round 1","Marvel Stadium","Pearce Hanley","Gold Coast","St Kilda","Away",9727,5,8,10,76.9,0,0,0,1,0,0,1,2,276,3,5,0,80,8,5,13,4,0,0,2,0,0,1,1,3,2,1,1,52,46
"301",2019-03-24,2019,"Round 1","Marvel Stadium","Jordan Murdoch","Gold Coast","St Kilda","Away",9727,7,4,10,76.9,1,0,0,4,0,0,0,2,231,4,7,0,93,6,7,13,2,0,0,2,0,0,1,0,5,4,0,1,43,45
"302",2019-03-24,2019,"Round 1","Marvel Stadium","Jarrod Witts","Gold Coast","St Kilda","Away",9727,10,4,7,53.8,1,0,0,2,0,2,3,6,113,2,1,1,88,7,6,13,2,0,0,3,44,0,1,5,1,0,0,0,95,87
"303",2019-03-24,2019,"Round 1","Marvel Stadium","David Swallow","Gold Coast","St Kilda","Away",9727,6,5,6,54.5,1,0,2,2,0,0,0,3,175,4,0,1,68,7,4,11,3,3,0,4,0,0,1,0,1,1,1,0,73,86
"304",2019-03-24,2019,"Round 1","Marvel Stadium","Jack Lukosius","Gold Coast","St Kilda","Away",9727,5,6,6,54.5,1,2,1,0,0,0,0,4,261,3,2,0,64,7,4,11,4,0,1,2,0,2,5,0,3,1,0,0,50,42
"305",2019-03-24,2019,"Round 1","Marvel Stadium","Jack Hombsch","Gold Coast","St Kilda","Away",9727,6,6,9,90,0,0,0,9,0,0,0,2,196,2,8,0,81,7,3,10,4,0,0,1,0,0,0,0,1,2,2,1,42,72
"306",2019-03-24,2019,"Round 1","Marvel Stadium","Ben Ainsworth","Gold Coast","St Kilda","Away",9727,3,4,4,66.7,0,0,1,0,0,0,1,3,119,2,1,0,52,3,3,6,2,1,1,0,0,0,1,1,3,0,0,1,25,23
"307",2019-03-24,2019,"Round 1","Marvel Stadium","Samuel Collins","Gold Coast","St Kilda","Away",9727,3,1,3,60,2,0,0,3,0,0,0,1,71,2,5,0,90,4,1,5,3,0,0,1,0,0,1,0,3,1,0,2,21,27
"308",2019-03-24,2019,"Round 1","Marvel Stadium","Chris Burgess","Gold Coast","St Kilda","Away",9727,2,2,2,50,0,1,1,1,0,0,0,2,87,1,0,1,85,3,1,4,1,1,0,1,0,1,1,0,1,0,1,0,25,28
"309",2019-03-24,2019,"Round 1","Showground Stadium","Stephen Coniglio","GWS","Essendon","Home",9728,11,21,17,54.8,1,2,1,1,0,2,5,10,685,8,0,1,90,24,7,31,9,3,1,7,0,2,8,7,5,2,1,0,161,154
"310",2019-03-24,2019,"Round 1","Showground Stadium","Lachie Whitfield","GWS","Essendon","Home",9728,9,19,21,70,0,0,0,0,2,1,4,7,600,5,4,0,90,19,11,30,7,0,0,2,0,0,5,5,2,5,1,0,109,105
"311",2019-03-24,2019,"Round 1","Showground Stadium","Tim Taranto","GWS","Essendon","Home",9728,13,16,14,46.7,0,2,0,1,0,2,6,6,558,12,1,0,84,21,9,30,3,2,0,10,0,2,7,8,8,3,1,2,137,112
"312",2019-03-24,2019,"Round 1","Showground Stadium","Jacob Hopper","GWS","Essendon","Home",9728,15,12,22,78.6,0,0,0,1,0,4,2,7,405,2,5,0,81,17,11,28,6,0,2,3,0,0,9,6,1,3,3,0,108,129
"313",2019-03-24,2019,"Round 1","Showground Stadium","Adam Tomlinson","GWS","Essendon","Home",9728,9,13,16,72.7,0,2,0,2,0,0,0,6,329,2,5,1,89,15,7,22,8,0,0,1,4,2,4,0,3,0,0,1,88,111
"314",2019-03-24,2019,"Round 1","Showground Stadium","Heath Shaw","GWS","Essendon","Home",9728,3,13,14,73.7,0,0,1,3,0,0,0,4,382,4,2,0,89,16,3,19,7,0,1,1,0,0,0,0,2,3,0,1,77,84
"315",2019-03-24,2019,"Round 1","Showground Stadium","Zachary Williams","GWS","Essendon","Home",9728,7,10,14,77.8,0,0,0,1,0,1,0,4,223,2,7,0,86,11,7,18,4,0,0,2,0,0,0,1,1,5,0,0,67,82
"316",2019-03-24,2019,"Round 1","Showground Stadium","Brent Daniels","GWS","Essendon","Home",9728,9,8,11,64.7,1,1,2,0,0,0,2,6,288,3,2,3,88,9,8,17,3,0,2,7,0,1,2,2,0,0,2,0,84,87
"317",2019-03-24,2019,"Round 1","Showground Stadium","Sam Taylor","GWS","Essendon","Home",9728,9,8,16,94.1,1,0,0,6,0,0,0,2,171,1,10,0,83,5,12,17,3,0,0,3,0,0,0,0,1,4,2,1,59,108
"318",2019-03-24,2019,"Round 1","Showground Stadium","Matthew De Boer","GWS","Essendon","Home",9728,9,7,10,62.5,0,0,0,0,0,1,0,5,201,0,2,2,84,5,11,16,0,0,1,6,0,0,2,1,2,1,0,0,62,82
"319",2019-03-24,2019,"Round 1","Showground Stadium","Adam Kennedy","GWS","Essendon","Home",9728,4,13,12,75,1,0,0,2,4,0,0,3,429,5,4,0,86,12,4,16,6,0,0,1,0,0,3,0,2,6,0,1,63,78
"320",2019-03-24,2019,"Round 1","Showground Stadium","Samuel Reid","GWS","Essendon","Home",9728,8,7,9,60,0,0,0,1,0,0,2,1,157,2,7,0,85,5,10,15,4,0,0,3,0,0,1,2,3,3,3,1,59,58
"321",2019-03-24,2019,"Round 1","Showground Stadium","Brett Deledio","GWS","Essendon","Home",9728,3,11,10,71.4,0,0,0,1,0,0,0,4,234,2,0,2,79,6,8,14,6,0,1,7,0,0,3,0,0,1,0,0,81,84
"322",2019-03-24,2019,"Round 1","Showground Stadium","Toby Greene","GWS","Essendon","Home",9728,6,9,11,78.6,0,1,1,0,0,0,0,6,227,2,1,0,71,12,2,14,5,1,1,0,0,1,1,0,2,0,2,0,64,78
"323",2019-03-24,2019,"Round 1","Showground Stadium","Harrison Himmelberg","GWS","Essendon","Home",9728,3,11,11,78.6,0,3,2,3,0,0,1,6,232,2,1,0,88,7,7,14,3,1,0,0,0,3,3,1,2,0,0,0,50,72
"324",2019-03-24,2019,"Round 1","Showground Stadium","Jeremy Cameron","GWS","Essendon","Home",9728,8,8,10,76.9,0,0,4,2,0,1,1,8,256,4,0,0,93,10,3,13,5,4,2,0,0,0,2,2,5,0,1,3,69,100
"325",2019-03-24,2019,"Round 1","Showground Stadium","Daniel Lloyd","GWS","Essendon","Home",9728,8,4,9,69.2,1,0,1,0,0,0,0,5,154,1,2,2,81,6,7,13,4,2,0,2,0,0,2,0,1,0,0,0,64,73
"326",2019-03-24,2019,"Round 1","Showground Stadium","Phil Davis","GWS","Essendon","Home",9728,8,6,9,75,0,0,0,6,0,0,0,4,66,0,9,0,85,7,5,12,4,0,0,3,0,0,1,0,0,3,3,0,58,100
"327",2019-03-24,2019,"Round 1","Showground Stadium","Jeremy Finlayson","GWS","Essendon","Home",9728,3,7,6,66.7,0,0,1,10,0,0,0,3,226,1,3,0,82,8,1,9,5,0,1,0,0,0,0,0,1,1,1,0,43,64
"328",2019-03-24,2019,"Round 1","Showground Stadium","Dawson Simpson","GWS","Essendon","Home",9728,4,4,6,75,0,0,0,2,0,0,1,5,106,1,4,0,70,4,4,8,2,0,0,3,32,0,0,1,2,5,1,1,68,85
"329",2019-03-24,2019,"Round 1","Showground Stadium","Lachlan Keeffe","GWS","Essendon","Home",9728,6,2,4,50,1,0,2,4,0,0,0,5,111,1,3,0,78,5,3,8,2,3,2,2,0,0,0,0,0,1,2,0,57,84
"330",2019-03-24,2019,"Round 1","Showground Stadium","Harry Perryman","GWS","Essendon","Home",9728,2,4,3,50,1,0,1,0,0,0,0,3,140,2,0,0,38,5,1,6,3,0,2,0,0,0,2,0,1,1,0,1,25,26
"331",2019-03-24,2019,"Round 1","Showground Stadium","David Zaharakis","Essendon","GWS","Away",9728,9,16,20,80,0,0,0,0,0,0,3,3,229,4,3,1,90,13,12,25,7,0,0,2,0,0,2,3,5,1,1,3,84,90
"332",2019-03-24,2019,"Round 1","Showground Stadium","Dyson Heppell","Essendon","GWS","Away",9728,6,18,19,76,1,0,0,0,0,0,3,2,480,9,4,0,81,16,9,25,8,0,0,4,0,0,6,3,2,4,1,0,107,92
"333",2019-03-24,2019,"Round 1","Showground Stadium","Dylan Shiel","Essendon","GWS","Away",9728,18,9,14,56,0,0,0,1,0,0,7,6,222,7,6,0,76,10,15,25,2,0,1,2,0,0,4,7,2,1,0,0,75,101
"334",2019-03-24,2019,"Round 1","Showground Stadium","Devon Smith","Essendon","GWS","Away",9728,7,14,13,56.5,0,1,1,1,1,1,2,2,416,4,4,1,78,15,8,23,6,0,0,4,0,1,6,3,4,1,1,1,93,77
"335",2019-03-24,2019,"Round 1","Showground Stadium","Andrew McGrath","Essendon","GWS","Away",9728,8,14,15,65.2,0,0,0,0,1,1,3,3,462,3,2,0,75,14,9,23,4,0,0,3,0,0,3,4,3,4,0,0,84,71
"336",2019-03-24,2019,"Round 1","Showground Stadium","Adam Saad","Essendon","GWS","Away",9728,8,9,15,78.9,0,0,0,9,4,0,0,1,338,2,9,0,82,12,7,19,3,0,0,5,0,0,1,0,1,5,0,1,76,114
"337",2019-03-24,2019,"Round 1","Showground Stadium","Kyle Langford","Essendon","GWS","Away",9728,5,12,11,61.1,0,0,2,3,1,0,1,5,381,4,2,0,87,12,6,18,4,2,1,2,0,0,2,1,2,1,0,0,81,80
"338",2019-03-24,2019,"Round 1","Showground Stadium","Michael Hurley","Essendon","GWS","Away",9728,2,12,11,64.7,0,0,0,4,0,0,0,2,397,3,7,0,93,14,3,17,7,0,0,0,0,0,0,0,2,8,2,1,68,62
"339",2019-03-24,2019,"Round 1","Showground Stadium","Zachary Merrett","Essendon","GWS","Away",9728,5,11,13,81.2,0,0,0,1,0,1,0,1,181,4,3,0,77,5,11,16,1,0,0,3,0,0,3,1,1,3,1,1,50,67
"340",2019-03-24,2019,"Round 1","Showground Stadium","Jordan Ridley","Essendon","GWS","Away",9728,4,7,14,100,0,0,0,0,0,0,1,0,299,2,4,0,85,10,4,14,6,0,0,1,0,0,0,1,1,4,0,1,57,71
"341",2019-03-24,2019,"Round 1","Showground Stadium","Conor McKenna","Essendon","GWS","Away",9728,3,7,12,92.3,0,1,0,2,2,0,3,3,298,2,2,0,81,8,5,13,2,0,0,2,0,1,2,3,4,3,0,1,45,52
"342",2019-03-24,2019,"Round 1","Showground Stadium","David Myers","Essendon","GWS","Away",9728,5,6,7,58.3,0,1,0,0,0,1,2,3,198,1,1,1,68,7,5,12,2,0,1,5,0,1,4,3,1,0,0,1,55,51
"343",2019-03-24,2019,"Round 1","Showground Stadium","Aaron Francis","Essendon","GWS","Away",9728,3,7,8,72.7,1,0,1,4,0,0,0,1,182,5,2,0,79,6,5,11,4,1,0,1,0,0,1,0,2,1,0,1,47,52
"344",2019-03-24,2019,"Round 1","Showground Stadium","Jake Stringer","Essendon","GWS","Away",9728,4,6,6,60,0,0,0,0,1,1,0,2,305,3,0,2,79,7,3,10,1,1,0,7,0,0,3,1,4,0,1,2,59,55
"345",2019-03-24,2019,"Round 1","Showground Stadium","Mitchell Brown","Essendon","GWS","Away",9728,3,7,7,77.8,0,1,1,1,0,0,0,2,51,2,0,0,98,6,3,9,4,0,1,0,0,1,0,0,0,0,1,0,38,44
"346",2019-03-24,2019,"Round 1","Showground Stadium","Orazio Fantasia","Essendon","GWS","Away",9728,5,5,4,44.4,1,0,0,0,0,0,2,3,172,3,1,0,68,6,3,9,2,0,3,3,0,0,2,2,3,0,1,2,40,31
"347",2019-03-24,2019,"Round 1","Showground Stadium","Mark Baguley","Essendon","GWS","Away",9728,1,7,7,87.5,0,0,1,0,0,0,0,3,123,2,1,0,83,5,3,8,5,1,0,2,0,0,2,0,5,0,0,3,41,21
"348",2019-03-24,2019,"Round 1","Showground Stadium","Tom Bellchambers","Essendon","GWS","Away",9728,5,2,1,14.3,0,0,0,1,0,0,3,2,165,3,1,0,82,5,2,7,0,0,1,0,31,0,2,3,2,1,2,1,50,56
"349",2019-03-24,2019,"Round 1","Showground Stadium","Patrick Ambrose","Essendon","GWS","Away",9728,4,3,5,71.4,0,0,0,6,0,0,0,0,12,2,5,0,90,3,4,7,2,0,0,3,0,0,0,0,2,0,1,1,33,50
"350",2019-03-24,2019,"Round 1","Showground Stadium","Matt Guelfi","Essendon","GWS","Away",9728,5,2,4,57.1,0,0,0,3,0,0,1,0,131,3,4,0,79,4,3,7,1,0,0,3,0,0,3,1,1,0,0,0,33,35
"351",2019-03-24,2019,"Round 1","Showground Stadium","Shaun McKernan","Essendon","GWS","Away",9728,3,1,1,20,0,0,0,1,0,1,1,2,83,2,0,1,86,5,0,5,1,0,1,1,10,0,1,2,2,0,0,1,30,26
"352",2019-03-24,2019,"Round 1","Showground Stadium","Anthony M-Tipungwuti","Essendon","GWS","Away",9728,3,3,3,60,0,1,0,0,1,0,1,1,139,2,1,3,84,3,2,5,1,0,0,5,0,1,5,1,3,0,0,2,30,43
"353",2019-03-24,2019,"Round 1","Optus Stadium","Nathan Fyfe","Fremantle","North Melbourne","Home",9729,22,12,25,78.1,2,2,0,3,0,5,5,13,358,2,8,1,79,10,22,32,4,1,1,4,0,2,8,10,5,0,3,3,103,147
"354",2019-03-24,2019,"Round 1","Optus Stadium","Bradley Hill","Fremantle","North Melbourne","Home",9729,11,17,18,64.3,0,1,0,0,0,1,2,13,488,5,4,1,84,17,11,28,2,1,0,7,0,1,4,3,5,0,0,0,113,108
"355",2019-03-24,2019,"Round 1","Optus Stadium","Ed Langdon","Fremantle","North Melbourne","Home",9729,7,18,20,80,0,0,0,0,0,1,0,4,542,8,6,0,83,16,9,25,8,0,0,4,0,0,9,1,1,6,1,0,107,92
"356",2019-03-24,2019,"Round 1","Optus Stadium","Darcy Tucker","Fremantle","North Melbourne","Home",9729,10,13,19,79.2,0,1,1,0,0,2,1,7,536,4,6,1,86,17,7,24,4,2,1,7,0,1,7,3,4,1,2,3,111,119
"357",2019-03-24,2019,"Round 1","Optus Stadium","David Mundy","Fremantle","North Melbourne","Home",9729,8,13,13,65,0,1,0,2,0,2,4,6,441,3,0,0,70,13,7,20,3,1,0,1,0,1,5,6,3,1,0,2,66,73
"358",2019-03-24,2019,"Round 1","Optus Stadium","Travis Colyer","Fremantle","North Melbourne","Home",9729,11,9,10,50,0,1,0,0,0,0,2,5,252,6,4,0,70,11,9,20,2,1,0,1,0,1,1,2,4,2,1,0,68,58
"359",2019-03-24,2019,"Round 1","Optus Stadium","Cameron McCarthy","Fremantle","North Melbourne","Home",9729,7,11,14,70,1,0,3,1,0,0,0,10,492,3,1,2,93,14,6,20,5,5,0,2,0,0,4,0,1,0,2,0,109,121
"360",2019-03-24,2019,"Round 1","Optus Stadium","Andrew Brayshaw","Fremantle","North Melbourne","Home",9729,11,9,13,65,0,1,1,0,0,0,2,7,184,5,6,0,73,6,14,20,3,0,1,4,0,1,4,2,3,0,0,2,66,75
"361",2019-03-24,2019,"Round 1","Optus Stadium","Bailey Banfield","Fremantle","North Melbourne","Home",9729,6,15,15,75,1,1,1,1,0,0,0,7,311,4,3,1,78,9,11,20,7,0,1,4,0,1,3,0,5,0,1,3,79,63
"362",2019-03-24,2019,"Round 1","Optus Stadium","Michael Walters","Fremantle","North Melbourne","Home",9729,13,7,14,73.7,2,2,1,1,0,2,0,10,282,1,2,0,83,12,7,19,4,3,1,1,0,2,3,2,3,0,3,2,82,109
"363",2019-03-24,2019,"Round 1","Optus Stadium","Reece Conca","Fremantle","North Melbourne","Home",9729,5,15,15,78.9,0,0,0,3,0,0,1,2,284,4,1,0,81,11,8,19,4,0,0,2,0,0,1,1,1,3,2,0,71,76
"364",2019-03-24,2019,"Round 1","Optus Stadium","Matthew Taberner","Fremantle","North Melbourne","Home",9729,8,10,13,72.2,3,1,1,0,0,0,0,6,322,7,2,1,86,13,5,18,9,1,0,3,0,1,4,0,5,0,3,2,91,74
"365",2019-03-24,2019,"Round 1","Optus Stadium","Lachlan Schultz","Fremantle","North Melbourne","Home",9729,4,10,10,58.8,0,0,2,0,0,0,2,7,210,3,0,0,71,11,6,17,6,2,0,2,0,0,1,2,2,1,0,0,83,54
"366",2019-03-24,2019,"Round 1","Optus Stadium","Luke Ryan","Fremantle","North Melbourne","Home",9729,6,9,12,80,0,0,1,2,0,0,0,5,485,3,10,0,77,13,2,15,5,1,0,2,0,0,2,0,4,6,1,3,64,91
"367",2019-03-24,2019,"Round 1","Optus Stadium","Ethan Hughes","Fremantle","North Melbourne","Home",9729,5,9,11,78.6,2,1,1,2,0,0,0,5,243,3,6,0,87,9,5,14,4,0,1,2,0,1,1,0,5,0,0,1,55,42
"368",2019-03-24,2019,"Round 1","Optus Stadium","Adam Cerra","Fremantle","North Melbourne","Home",9729,5,8,10,76.9,1,2,0,2,0,0,0,4,141,2,4,0,83,7,6,13,2,0,0,2,0,2,3,0,1,0,0,1,44,54
"369",2019-03-24,2019,"Round 1","Optus Stadium","Nathan Wilson","Fremantle","North Melbourne","Home",9729,3,7,11,91.7,0,0,0,3,0,0,0,1,284,4,2,0,84,10,2,12,1,0,0,1,0,0,0,0,3,3,0,0,41,41
"370",2019-03-24,2019,"Round 1","Optus Stadium","Rory Lobb","Fremantle","North Melbourne","Home",9729,9,2,7,63.6,3,1,2,6,0,1,1,6,254,2,2,0,88,9,2,11,4,2,1,4,6,1,1,2,2,1,1,0,79,82
"371",2019-03-24,2019,"Round 1","Optus Stadium","Alex Pearce","Fremantle","North Melbourne","Home",9729,8,4,7,70,0,0,0,3,0,0,0,1,232,4,12,0,96,8,2,10,2,0,0,5,0,0,0,0,2,8,1,1,52,88
"372",2019-03-24,2019,"Round 1","Optus Stadium","Sean Darcy","Fremantle","North Melbourne","Home",9729,9,4,7,70,0,0,1,6,0,5,1,5,192,2,1,0,88,6,4,10,1,0,2,4,27,0,3,6,1,0,0,1,71,66
"373",2019-03-24,2019,"Round 1","Optus Stadium","Joel Hamling","Fremantle","North Melbourne","Home",9729,5,2,8,100,1,0,0,9,0,0,0,2,193,0,5,0,93,4,4,8,3,0,0,2,0,0,3,0,2,4,1,2,32,62
"374",2019-03-24,2019,"Round 1","Optus Stadium","Hayden Ballantyne","Fremantle","North Melbourne","Home",9729,1,5,4,66.7,0,0,0,0,0,0,0,3,116,1,1,0,67,5,1,6,1,1,1,0,0,0,1,0,1,0,0,0,27,30
"375",2019-03-24,2019,"Round 1","Optus Stadium","Jamie MacMillan","North Melbourne","Fremantle","Away",9729,13,19,25,67.6,1,0,0,4,0,0,0,2,574,12,13,0,90,21,16,37,4,0,0,3,0,0,1,0,7,12,2,1,118,124
"376",2019-03-24,2019,"Round 1","Optus Stadium","Jared Polec","North Melbourne","Fremantle","Away",9729,7,19,21,77.8,0,0,0,5,1,0,1,4,411,5,9,0,87,18,9,27,7,0,0,1,0,0,4,1,3,1,0,1,94,100
"377",2019-03-24,2019,"Round 1","Optus Stadium","Shaun Higgins","North Melbourne","Fremantle","Away",9729,7,18,16,61.5,0,0,0,0,0,2,1,3,410,6,4,1,79,15,11,26,2,1,0,4,0,0,6,3,2,2,0,0,95,84
"378",2019-03-24,2019,"Round 1","Optus Stadium","Ben Cunnington","North Melbourne","Fremantle","Away",9729,17,9,19,73.1,1,0,0,0,0,3,4,7,195,2,4,1,84,9,17,26,3,0,0,2,0,0,1,7,6,3,2,5,65,91
"379",2019-03-24,2019,"Round 1","Optus Stadium","Dom Tyson","North Melbourne","Fremantle","Away",9729,8,14,19,86.4,0,0,0,0,0,1,1,2,182,2,2,1,70,6,16,22,3,0,0,5,0,0,0,2,7,3,2,3,72,68
"380",2019-03-24,2019,"Round 1","Optus Stadium","Trent Dumont","North Melbourne","Fremantle","Away",9729,15,9,12,54.5,0,0,0,5,0,1,0,1,105,6,4,0,89,8,14,22,3,0,0,5,0,0,2,1,7,0,3,1,81,84
"381",2019-03-24,2019,"Round 1","Optus Stadium","Shaun Atley","North Melbourne","Fremantle","Away",9729,5,16,18,85.7,0,1,0,2,0,1,1,4,385,2,3,0,84,14,7,21,3,0,0,2,0,1,4,2,2,4,2,0,75,79
"382",2019-03-24,2019,"Round 1","Optus Stadium","Bailey Scott","North Melbourne","Fremantle","Away",9729,4,17,19,90.5,0,0,1,1,0,0,1,2,313,1,2,0,81,11,10,21,8,2,0,2,0,0,3,1,0,2,0,0,97,103
"383",2019-03-24,2019,"Round 1","Optus Stadium","Marley Williams","North Melbourne","Fremantle","Away",9729,5,15,14,70,1,0,0,0,0,1,0,0,312,8,5,0,87,10,10,20,3,0,0,2,0,0,1,1,1,4,1,1,65,65
"384",2019-03-24,2019,"Round 1","Optus Stadium","Luke McDonald","North Melbourne","Fremantle","Away",9729,5,14,13,65,0,0,0,3,0,0,2,2,403,5,6,0,91,11,9,20,2,0,0,2,0,0,0,2,4,5,0,0,65,65
"385",2019-03-24,2019,"Round 1","Optus Stadium","Jasper Pittard","North Melbourne","Fremantle","Away",9729,3,15,16,84.2,0,0,0,10,0,0,0,0,205,3,6,0,84,8,11,19,7,0,0,2,0,0,0,0,2,1,1,1,73,82
"386",2019-03-24,2019,"Round 1","Optus Stadium","Aaron Hall","North Melbourne","Fremantle","Away",9729,5,14,11,57.9,0,0,0,2,1,1,0,3,367,4,3,0,76,12,7,19,4,0,0,5,0,0,4,1,3,2,1,0,83,59
"387",2019-03-24,2019,"Round 1","Optus Stadium","Robbie Tarrant","North Melbourne","Fremantle","Away",9729,5,11,14,87.5,0,0,0,9,0,0,0,2,211,2,5,0,90,9,7,16,2,0,0,3,0,0,1,0,4,4,0,2,53,76
"388",2019-03-24,2019,"Round 1","Optus Stadium","Luke D-Uniacke","North Melbourne","Fremantle","Away",9729,7,8,12,80,0,1,3,2,0,1,0,5,129,3,2,2,72,7,8,15,5,1,0,3,0,1,1,1,2,0,1,0,71,80
"389",2019-03-24,2019,"Round 1","Optus Stadium","Kayne Turner","North Melbourne","Fremantle","Away",9729,6,8,9,64.3,1,1,1,1,0,0,1,4,296,3,1,0,84,10,4,14,3,1,0,2,0,1,5,1,1,0,2,0,63,58
"390",2019-03-24,2019,"Round 1","Optus Stadium","Todd Goldstein","North Melbourne","Fremantle","Away",9729,5,7,10,83.3,1,0,0,3,0,1,0,2,155,3,2,1,96,5,7,12,4,1,0,4,34,0,1,1,3,0,1,1,95,102
"391",2019-03-24,2019,"Round 1","Optus Stadium","Jack Ziebell","North Melbourne","Fremantle","Away",9729,4,9,8,66.7,0,1,1,2,0,0,0,6,290,4,0,2,97,8,4,12,4,1,1,3,0,1,4,0,3,0,0,2,57,57
"392",2019-03-24,2019,"Round 1","Optus Stadium","Jy Simpkin","North Melbourne","Fremantle","Away",9729,8,4,9,75,1,2,0,2,0,1,1,2,309,4,1,1,77,8,4,12,3,0,0,4,0,2,3,2,3,0,1,1,55,65
"393",2019-03-24,2019,"Round 1","Optus Stadium","Ben Brown","North Melbourne","Fremantle","Away",9729,11,2,5,45.5,0,0,0,1,0,0,0,4,239,5,0,1,95,8,3,11,0,2,1,2,1,0,4,0,4,0,6,0,58,54
"394",2019-03-24,2019,"Round 1","Optus Stadium","Ben McKay","North Melbourne","Fremantle","Away",9729,4,8,8,88.9,0,0,0,8,0,0,0,0,96,2,3,0,88,3,6,9,4,0,0,4,0,0,1,0,3,0,1,1,47,49
"395",2019-03-24,2019,"Round 1","Optus Stadium","Mason Wood","North Melbourne","Fremantle","Away",9729,3,7,6,75,0,0,1,1,0,0,1,1,62,5,0,0,86,4,4,8,3,0,0,0,0,0,1,1,3,0,0,1,26,29
"396",2019-03-24,2019,"Round 1","Optus Stadium","Ed V-Willis","North Melbourne","Fremantle","Away",9729,0,1,1,100,0,0,0,1,0,0,0,0,-4,0,0,0,13,0,1,1,0,0,0,0,0,0,0,0,1,0,0,1,-1,1
